Effective_From_DateTime,Effective_End_DateTime,Loc_Prop,Loc_Name,Allocated_Qty,Direction_Of_Flow,Accounting_Physincal_Indicator,Posting_DateTime
11/12/2022 09:00,11/13/2022 08:59,00001,"Partroy (MORRIS,NJ)",0,D,P,12/10/2022 06:05
11/12/2022 09:00,11/13/2022 08:59,00002,"Waterbury (NEW HAVEN,CT)","3,108",D,P,12/10/2022 06:05
11/12/2022 09:00,11/13/2022 08:59,00003,North Haven (NEW HAVEN),"13,578",D,P,12/10/2022 06:05
11/12/2022 09:00,11/13/2022 08:59,00004,"National Grid-DEY ST. (PROVIDENCE,RI)",463,D,P,12/10/2022 06:05
11/12/2022 09:00,11/13/2022 08:59,00005,"Willimantic (NEW HAVEN, CT)",257,D,P,12/10/2022 06:05
11/12/2022 09:00,11/13/2022 08:59,00006,"Mohegan Park (NEW LONDON,CT)",0,D,P,12/10/2022 06:05
11/12/2022 09:00,11/13/2022 08:59,00007,"Waterford (NEW LONDON,CT)",548,D,P,12/10/2022 06:05
11/12/2022 09:00,11/13/2022 08:59,00008,"National Grid-WESTERLY (WASHINGTON,RI)",403,D,P,12/10/2022 06:05
11/12/2022 09:00,11/13/2022 08:59,00009,"Putnam (WINDHAM,CT)",80,D,P,12/10/2022 06:05
11/12/2022 09:00,11/13/2022 08:59,00010,"National Grid - E. Providence (PROVIDENCE,RI)","17,700",D,P,12/10/2022 06:05
11/12/2022 09:00,11/13/2022 08:59,00011,"Taunton (BRISTOL, MA)",197,D,P,12/10/2022 06:05
11/12/2022 09:00,11/13/2022 08:59,00012,"National Grid - WARREN (BRISTOL,RI)",569,D,P,12/10/2022 06:05
11/12/2022 09:00,11/13/2022 08:59,00013,"National Grid- Portsmouth (NEWPORT,RI)","1,691",D,P,12/10/2022 06:05
11/12/2022 09:00,11/13/2022 08:59,00015,"Freetown (BRISTOL,MA)",810,D,P,12/10/2022 06:05
11/12/2022 09:00,11/13/2022 08:59,00016,"New England Gas Company Fall River (BRISTOL,MA)","3,723",D,P,12/10/2022 06:05
11/12/2022 09:00,11/13/2022 08:59,00017,"New Bedford (BRISTOL,MA)","2,541",D,P,12/10/2022 06:05
11/12/2022 09:00,11/13/2022 08:59,00018,"National Grid-BOURNE (BARNSTABLE,MA)","1,689",D,P,12/10/2022 06:05
11/12/2022 09:00,11/13/2022 08:59,00019,"Plymouth (PLYMOUTH,MA)",786,D,P,12/10/2022 06:05
11/12/2022 09:00,11/13/2022 08:59,00020,"Milford (WORCESTER,MA)",35,D,P,12/10/2022 06:05
11/12/2022 09:00,11/13/2022 08:59,00021,"National Grid- NORWOOD (NORFOLK,MA)",547,D,P,12/10/2022 06:05
11/12/2022 09:00,11/13/2022 08:59,00022,"Westwood (NORFOLK, MA)","1,803",D,P,12/10/2022 06:05
11/12/2022 09:00,11/13/2022 08:59,00023,"National Grid- EAST BRAINTREE (NORFOLK,MA)",23,D,P,12/10/2022 06:05
11/12/2022 09:00,11/13/2022 08:59,00024,"Brockton (PLYMOUTH,MA)",364,D,P,12/10/2022 06:05
11/12/2022 09:00,11/13/2022 08:59,00025,"Hopedale (NORFOLK,MA)",717,D,P,12/10/2022 06:05
11/12/2022 09:00,11/13/2022 08:59,00027,"National Grid- EVERETT (MIDDLESEX,MA)","2,850",D,P,12/10/2022 06:05
11/12/2022 09:00,11/13/2022 08:59,00028,"Brookford ST (MIDDLESEX,MA)","2,004",D,P,12/10/2022 06:05
11/12/2022 09:00,11/13/2022 08:59,00029,"Middleboro (PLYMOUTH,MA)",450,D,P,12/10/2022 06:05
11/12/2022 09:00,11/13/2022 08:59,00030,"Guilford (NEW HAVEN,CT)","3,479",D,P,12/10/2022 06:05
11/12/2022 09:00,11/13/2022 08:59,00031,"Kensington New Haven, CT",513,D,P,12/10/2022 06:05
11/12/2022 09:00,11/13/2022 08:59,00032,"National Grid-WALTHAM (MIDDLESEX,MA)",845,D,P,12/10/2022 06:05
11/12/2022 09:00,11/13/2022 08:59,00033,"National Grid - TIVERTON (NEWPORT,RI)",67,D,P,12/10/2022 06:05
11/12/2022 09:00,11/13/2022 08:59,00034,"New England Gas Company No. Attleboro (BRISTOL,MA)",883,D,P,12/10/2022 06:05
11/12/2022 09:00,11/13/2022 08:59,00035,"Salem Pike (NORWICH, CT)",0,D,P,12/10/2022 06:05
11/12/2022 09:00,11/13/2022 08:59,00036,"West Medway (NORFOLK,MA)",128,D,P,12/10/2022 06:05
11/12/2022 09:00,11/13/2022 08:59,00037,"South Attleboro (BRISTOL, MA)",107,D,P,12/10/2022 06:05
11/12/2022 09:00,11/13/2022 08:59,00038,"Charles River RD (NORFOLK,MA)",0,D,P,12/10/2022 06:05
11/12/2022 09:00,11/13/2022 08:59,00039,"Suffern (ROCKLAND,NY)",0,D,P,12/10/2022 06:05
11/12/2022 09:00,11/13/2022 08:59,00040,"Stony Point (ROCKLAND,NY)",0,D,P,12/10/2022 06:05
11/12/2022 09:00,11/13/2022 08:59,00041,"Peekskill (WESTCHESTER,NY)",0,D,P,12/10/2022 06:05
11/12/2022 09:00,11/13/2022 08:59,00043,"Ashland (MIDDLESEX,MA)","2,488",D,P,12/10/2022 06:05
11/12/2022 09:00,11/13/2022 08:59,00044,"National Grid-Burrillville (PROVIDENCE,RI)",119,D,P,12/10/2022 06:05
11/12/2022 09:00,11/13/2022 08:59,00045,Somers  (Westchester),0,D,P,12/10/2022 06:05
11/12/2022 09:00,11/13/2022 08:59,00046,"Yantic (HARTFORD,CT)",0,D,P,12/10/2022 06:05
11/12/2022 09:00,11/13/2022 08:59,00047,"Cortlandt (WESTCHESTER,NY)",0,D,P,12/10/2022 06:05
11/12/2022 09:00,11/13/2022 08:59,00048,"Yorktown (WESTCHESTER,NY)",0,D,P,12/10/2022 06:05
11/12/2022 09:00,11/13/2022 08:59,00049,"New England Gas Company Westport (BRISTOL,MA)","1,066",D,P,12/10/2022 06:05
11/12/2022 09:00,11/13/2022 08:59,00050,"Pomfret (WINDHAM,CT)",474,D,P,12/10/2022 06:05
11/12/2022 09:00,11/13/2022 08:59,00051,"National Grid-SAGAMORE (BARNSTABLE,MA)",941,D,P,12/10/2022 06:05
11/12/2022 09:00,11/13/2022 08:59,00052,"National Grid-PONKAPOAG (NORFOLK,MA)","9,782",D,P,12/10/2022 06:05
11/12/2022 09:00,11/13/2022 08:59,00053,"Norwichtown (NEW LONDON,CT)",0,D,P,12/10/2022 06:05
11/12/2022 09:00,11/13/2022 08:59,00055,"Bernards (SOMERSET,NJ)",0,D,P,12/10/2022 06:05
11/12/2022 09:00,11/13/2022 08:59,00056,"Morris (MORRIS,NJ)",0,D,P,12/10/2022 06:05
11/12/2022 09:00,11/13/2022 08:59,00057,"National Grid-WESTON (MIDDLESEX,MA)",268,D,P,12/10/2022 06:05
11/12/2022 09:00,11/13/2022 08:59,00058,"Canton (NORFOLK,MA)",74,D,P,12/10/2022 06:05
11/12/2022 09:00,11/13/2022 08:59,00059,"MONTVILLE (NEW LONDON,CT)","4,139",D,P,12/10/2022 06:05
11/12/2022 09:00,11/13/2022 08:59,00060,"Southington (HARTFORD,CT)",132,D,P,12/10/2022 06:05
11/12/2022 09:00,11/13/2022 08:59,00061,"Woodland RD (NORFOLK,MA)",5,D,P,12/10/2022 06:05
11/12/2022 09:00,11/13/2022 08:59,00062,"Vernon (TOLLAND,CT)",558,D,P,12/10/2022 06:05
11/12/2022 09:00,11/13/2022 08:59,00063,"Danbury (FAIRFIELD,CT)",270,D,P,12/10/2022 06:05
11/12/2022 09:00,11/13/2022 08:59,00064,"National Grid-BARRINGTON (PROVIDENCE,RI)",0,D,P,12/10/2022 06:05
11/12/2022 09:00,11/13/2022 08:59,00066,"Dover (NORFOLK,MA)",5,D,P,12/10/2022 06:05
11/12/2022 09:00,11/13/2022 08:59,00068,"Farmington (HARTFORD,CT)",9,D,P,12/10/2022 06:05
11/12/2022 09:00,11/13/2022 08:59,00069,"Oxford (NEW HAVEN, CT)",54,D,P,12/10/2022 06:05
11/12/2022 09:00,11/13/2022 08:59,00071,"New England Gas Company Swansea (BRISTOL,MA)",961,D,P,12/10/2022 06:05
11/12/2022 09:00,11/13/2022 08:59,00072,"Portland (MIDDLESEX,CT)",1,D,P,12/10/2022 06:05
11/12/2022 09:00,11/13/2022 08:59,00074,"National Grid-WELLESLEY (NORFOLK,MA)","5,457",D,P,12/10/2022 06:05
11/12/2022 09:00,11/13/2022 08:59,00075,"GLASTONBURY (HARTFORD,CT)",64,D,P,12/10/2022 06:05
11/12/2022 09:00,11/13/2022 08:59,00076,"MANSFIELD (TOLLAND,CT)",8,D,P,12/10/2022 06:05
11/12/2022 09:00,11/13/2022 08:59,00077,"DEFCO (NEW HAVEN,CT)","1,391",D,P,12/10/2022 06:05
11/12/2022 09:00,11/13/2022 08:59,00078,"CROMWELL (MIDDLESEX,CT)",143,D,P,12/10/2022 06:05
11/12/2022 09:00,11/13/2022 08:59,00079,"SOUTHBURY (NEW HAVEN,CT)",130,D,P,12/10/2022 06:05
11/12/2022 09:00,11/13/2022 08:59,00080,"National Grid-POLAROID (MIDDLESEX,MA)","1,068",D,P,12/10/2022 06:05
11/12/2022 09:00,11/13/2022 08:59,00081,"National Grid-POTTER St. (NORFOLK,MA)",0,D,P,12/10/2022 06:05
11/12/2022 09:00,11/13/2022 08:59,00082,"Stonington (NEW LONDON,CT)",0,D,P,12/10/2022 06:05
11/12/2022 09:00,11/13/2022 08:59,00083,"National Grid-CUMBERLAND (PROVIDENCE,RI)",195,D,P,12/10/2022 06:05
11/12/2022 09:00,11/13/2022 08:59,00084,"Southeast (PUTNAM,NY)",0,D,P,12/10/2022 06:05
11/12/2022 09:00,11/13/2022 08:59,00085,"Bristol (HARTFORD,CT)",289,D,P,12/10/2022 06:05
11/12/2022 09:00,11/13/2022 08:59,00087,"PG&E Manchester St, (PROVIDENCE,RI)",0,D,P,12/10/2022 06:05
11/12/2022 09:00,11/13/2022 08:59,00089,"National Grid-MEDFORD (MIDDLESEX,MA)",0,D,P,12/10/2022 06:05
11/12/2022 09:00,11/13/2022 08:59,00093,"Dartmouth Power (NORFOLK,MA)",0,D,P,12/10/2022 06:05
11/12/2022 09:00,11/13/2022 08:59,00094,"Bellingham(NORFOLK,MA)",0,D,P,12/10/2022 06:05
11/12/2022 09:00,11/13/2022 08:59,00095,"Ocean St (PROVIDENCE,RI)","28,671",D,P,12/10/2022 06:05
11/12/2022 09:00,11/13/2022 08:59,00201,"Mahwah (BERGEN,NJ)","26,832",R,P,12/10/2022 06:05
11/12/2022 09:00,11/13/2022 08:59,00202,"Ramapo (ROCKLAND,NY)",0,D,P,12/10/2022 06:05
11/12/2022 09:00,11/13/2022 08:59,00205,"MENDON (NORFOLK,MA)",0,R,P,12/10/2022 06:05
11/12/2022 09:00,11/13/2022 08:59,00208,"AGT-WANAQUE INTERCONNECT (PASSAIC,NJ)",0,R,P,12/10/2022 06:05
11/12/2022 09:00,11/13/2022 08:59,00210,"Algonquin - Lambertville, NJ","38,180",R,P,12/10/2022 06:05
11/12/2022 09:00,11/13/2022 08:59,00211,"TETCO - Hanover (MORRIS,NJ)","38,180",R,P,12/10/2022 06:05
11/12/2022 09:00,11/13/2022 08:59,00214,"Ramapo - Millennium (ROCKLAND,NY)","71,992",R,P,12/10/2022 06:05
11/12/2022 09:00,11/13/2022 08:59,00215,"Salem Essex Co., MA (ESSEX,MA)",0,R,P,12/10/2022 06:05
11/12/2022 09:00,11/13/2022 08:59,00220,"Centerville-Transco (MORRIS,NJ)","13,065",R,P,12/10/2022 06:05
11/12/2022 09:00,11/13/2022 08:59,00230,"Marathon (MIDDLESEX,MA)",0,R,P,12/10/2022 06:05
11/12/2022 09:00,11/13/2022 08:59,00240,"Columbia Hanover (MORRIS,NJ)",0,R,P,12/10/2022 06:05
11/12/2022 09:00,11/13/2022 08:59,00251,"Brookfield (FAIRFIELD,CT)",0,R,P,12/10/2022 06:05
11/12/2022 09:00,11/13/2022 08:59,00271,"Everett Int. (MIDDLESEX,MA)",0,R,P,12/10/2022 06:05
11/12/2022 09:00,11/13/2022 08:59,00620,"Excelerate Energy LP - Excelerate MS - (ESSEX,MA)",0,R,P,12/10/2022 06:05
11/12/2022 09:00,11/13/2022 08:59,00621,"Excelerate Energy LP - Excellence MS -(ESSEX, MA)",0,R,P,12/10/2022 06:05
11/12/2022 09:00,11/13/2022 08:59,00622,"Excelerate Energy LP - NE Gateway-Explorer (ESSEX,MA)",0,R,P,12/10/2022 06:05
11/12/2022 09:00,11/13/2022 08:59,00623,"Excelerate Energy LP - Express (ESSEX,MA)",0,R,P,12/10/2022 06:05
11/12/2022 09:00,11/13/2022 08:59,00624,"Excelerate Energy LP - Exquisite (ESSEX,MA)",0,R,P,12/10/2022 06:05
11/12/2022 09:00,11/13/2022 08:59,00625,"Excelerate Energy LP - Expedient (ESSEX,MA)",0,R,P,12/10/2022 06:05
11/12/2022 09:00,11/13/2022 08:59,00626,"Excelerate Energy LP - Exemplar (ESSEX,MA)",0,R,P,12/10/2022 06:05
11/12/2022 09:00,11/13/2022 08:59,00630,"Suez Neptune LNG -(ESSEX, MA)",0,R,P,12/10/2022 06:05
11/12/2022 09:00,11/13/2022 08:59,00631,"Suez Cape Ann, LNG -(ESSEX, MA)",0,R,P,12/10/2022 06:05
11/12/2022 09:00,11/13/2022 08:59,00801,Milford Power,0,D,P,12/10/2022 06:05
11/12/2022 09:00,11/13/2022 08:59,00803,"FORE RIVER (NORFOLK,MA)",0,D,P,12/10/2022 06:05
11/12/2022 09:00,11/13/2022 08:59,00804,"Hebron (HARTFORD,CT)",3,D,P,12/10/2022 06:05
11/12/2022 09:00,11/13/2022 08:59,00805,"Franklin (NEW LONDON,CT)",160,D,P,12/10/2022 06:05
11/12/2022 09:00,11/13/2022 08:59,00806,Canal Generating,0,D,P,12/10/2022 06:05
11/12/2022 09:00,11/13/2022 08:59,00807,"North Haven Low Pressure (NEW HAVEN,CT)",0,D,P,12/10/2022 06:05
11/12/2022 09:00,11/13/2022 08:59,00809,"Ball Foster (NORFOLK,MA)",0,D,P,12/10/2022 06:05
11/12/2022 09:00,11/13/2022 08:59,00810,"NRG Middletown, (MIDDLESEX,CT)",0,D,P,12/10/2022 06:05
11/12/2022 09:00,11/13/2022 08:59,00811,"North Somers (WESTCHESTER,NY)",0,D,P,12/10/2022 06:05
11/12/2022 09:00,11/13/2022 08:59,00812,"TMPL (BRISTOL,MA)",0,D,P,12/10/2022 06:05
11/12/2022 09:00,11/13/2022 08:59,00813,"National Grid-ROCHESTER (PLYMOUTH,MA)",275,D,P,12/10/2022 06:05
11/12/2022 09:00,11/13/2022 08:59,00814,"ANP BELLINGHAM ENERGY COMPANY (NORFOLK,MA)","5,591",D,P,12/10/2022 06:05
11/12/2022 09:00,11/13/2022 08:59,00815,"Dighton Power LLC Bristol MA (BRISTOL,MA)",0,D,P,12/10/2022 06:05
11/12/2022 09:00,11/13/2022 08:59,00816,"Revere Power (PROVIDENCE,RI)",0,D,P,12/10/2022 06:05
11/12/2022 09:00,11/13/2022 08:59,00817,"Dynegy Lake Road (Windham,CT)","13,330",D,P,12/10/2022 06:05
11/12/2022 09:00,11/13/2022 08:59,00819,"Middletown- Cromwell Fairfield, CT",363,D,P,12/10/2022 06:05
11/12/2022 09:00,11/13/2022 08:59,00820,"Wallingford Energy Interconnect (FAIRFIELD,CT)",0,D,P,12/10/2022 06:05
11/12/2022 09:00,11/13/2022 08:59,00821,"Pinehills Meter - (PLYMOUTH,MA)",229,D,P,12/10/2022 06:05
11/12/2022 09:00,11/13/2022 08:59,00822,"Phelps Dodge (NEW LONDON,CT)",0,D,P,12/10/2022 06:05
11/12/2022 09:00,11/13/2022 08:59,00823,"Sharon Station-(NORFOLK,MA)",133,D,P,12/10/2022 06:05
11/12/2022 09:00,11/13/2022 08:59,00824,New England Gas Company Fall River Gas-North Fall River Sta-(BRIST,668,D,P,12/10/2022 06:05
11/12/2022 09:00,11/13/2022 08:59,00826,"Mystic (MIDDLESEX,MA)",0,D,P,12/10/2022 06:05
11/12/2022 09:00,11/13/2022 08:59,00827,"National Grid-WEYMOUTH (NORFOLK,MA)","1,856",D,P,12/10/2022 06:05
11/12/2022 09:00,11/13/2022 08:59,00828,"UConn Mansfield (TOLLAND,CT)",28,D,P,12/10/2022 06:05
11/12/2022 09:00,11/13/2022 08:59,00829,"National Grid-SANDWICH (BARNSTABLE,MA)",202,D,P,12/10/2022 06:05
11/12/2022 09:00,11/13/2022 08:59,00830,"Marathon (MIDDLESEX,MA)",73,D,P,12/10/2022 06:05
11/12/2022 09:00,11/13/2022 08:59,00831,"CMEEC-PIERCE POWER PLANT-(NEW HAVEN,CT)",0,D,P,12/10/2022 06:05
11/12/2022 09:00,11/13/2022 08:59,00832,"Norfolk Meter Station (NORFOLK,MA)",36,D,P,12/10/2022 06:05
11/12/2022 09:00,11/13/2022 08:59,00833,Kleen Energy,0,D,P,12/10/2022 06:05
11/12/2022 09:00,11/13/2022 08:59,00834,"BELD - Braintree Electric Light  (NORFOLK,MA)",200,D,P,12/10/2022 06:05
11/12/2022 09:00,11/13/2022 08:59,00835,"WEST DANBURY (FAIRFIELD,CT)",684,D,P,12/10/2022 06:05
11/12/2022 09:00,11/13/2022 08:59,00836,GenConn Power Plant,0,D,P,12/10/2022 06:05
11/12/2022 09:00,11/13/2022 08:59,00837,Salem Harbor Station,0,D,P,12/10/2022 06:05
11/12/2022 09:00,11/13/2022 08:59,00838,National Grid - West Roxbury,627,D,P,12/10/2022 06:05
11/12/2022 09:00,11/13/2022 08:59,00839,"NStar - Assonet, Bristol Co, MA",227,D,P,12/10/2022 06:05
11/12/2022 09:00,11/13/2022 08:59,00840,AGT to TE Hanover,0,D,P,12/10/2022 06:05
11/12/2022 09:00,11/13/2022 08:59,00841,"Norwich Public Utilities-Oakland Heights, New London, CT",0,D,P,12/10/2022 06:05
11/12/2022 09:00,11/13/2022 08:59,00842,"National Grid - Crary Street-Providence,,RI",0,D,P,12/10/2022 06:05
11/12/2022 09:00,11/13/2022 08:59,00843,CPV Towantic,0,D,P,12/10/2022 06:05
11/12/2022 09:00,11/13/2022 08:59,00844,"Exelon/Constellation Energy, Norfolk Co., Ma",0,D,P,12/10/2022 06:05
11/12/2022 09:00,11/13/2022 08:59,00851,"Brookfield Delivery (FAIRFIELD,CT)","1,499",D,P,12/10/2022 06:05
11/12/2022 09:00,11/13/2022 08:59,01211,AGT To TETCO for PSEG Del.,0,D,P,12/10/2022 06:05
11/12/2022 09:00,11/13/2022 08:59,01215,"Salem Essex Co., MA North (ESSEX,MA)",0,D,P,12/10/2022 06:05
11/12/2022 09:00,11/13/2022 08:59,02210,"LAMBERTVILLE DELIVERY (HUNTERDON, NJ)",0,D,P,12/10/2022 06:05
11/12/2022 09:00,11/13/2022 08:59,02630,"Neptune LNG -(ESSEX, MA)",0,D,P,12/10/2022 06:05
11/12/2022 09:00,11/13/2022 08:59,80100,KLEEN ENERGY LATERAL MAINLINE,0,D,A,12/10/2022 06:05
11/12/2022 09:00,11/13/2022 08:59,80101,KLEEN ENERGY LATERAL,0,R,A,12/10/2022 06:05
11/12/2022 09:00,11/13/2022 08:59,87000,AGT PAL POINT OF TRANSACTION,0,R,A,12/10/2022 06:05
11/12/2022 09:00,11/13/2022 08:59,88888,00215/01215,0,D,P,12/10/2022 06:05
11/12/2022 09:00,11/13/2022 08:59,99200,NJ-NY MAINLINE,0,D,A,12/10/2022 06:05
11/12/2022 09:00,11/13/2022 08:59,99826,BROOKFIELD IN-LINE TRANSFER POINT,0,R,A,12/10/2022 06:05
11/12/2022 09:00,11/13/2022 08:59,99847,AGT WEST END ACCTG PT,0,R,A,12/10/2022 06:05
11/12/2022 09:00,11/13/2022 08:59,99854,"HANOVER, NJ FUEL ACCOUNTING METER",0,R,A,12/10/2022 06:05
11/12/2022 09:00,11/13/2022 08:59,99855,SALEM LATERAL CUSTODY TRANSFER POINT,0,R,A,12/10/2022 06:05
11/12/2022 09:00,11/13/2022 08:59,99856,MAHWAH IN-LINE TRANSFER POINT,0,D,A,12/10/2022 06:05
11/12/2022 09:00,11/13/2022 08:59,99857,EAST BRAINTREE CUSTODY TRANSFER POINT,"-18,000",D,A,12/10/2022 06:05

