Effective_From_DateTime,Effective_End_DateTime,Loc_Prop,Loc_Name,Allocated_Qty,Direction_Of_Flow,Accounting_Physincal_Indicator,Posting_DateTime
11/07/2025 09:00,11/08/2025 08:59,00001,"Partroy (MORRIS,NJ)",0,D,P,11/09/2025 09:00
11/07/2025 09:00,11/08/2025 08:59,00002,"Waterbury (NEW HAVEN,CT)","1,806",D,P,11/09/2025 09:00
11/07/2025 09:00,11/08/2025 08:59,00003,North Haven (NEW HAVEN),"5,226",D,P,11/09/2025 09:00
11/07/2025 09:00,11/08/2025 08:59,00004,"Rhode Island Energy -DEY ST. (PROVIDENCE,RI)","5,787",D,P,11/09/2025 09:00
11/07/2025 09:00,11/08/2025 08:59,00005,"Willimantic (NEW HAVEN, CT)",263,D,P,11/09/2025 09:00
11/07/2025 09:00,11/08/2025 08:59,00006,"Mohegan Park (NEW LONDON,CT)",0,D,P,11/09/2025 09:00
11/07/2025 09:00,11/08/2025 08:59,00007,"Waterford (NEW LONDON,CT)",541,D,P,11/09/2025 09:00
11/07/2025 09:00,11/08/2025 08:59,00008,"Rhode Island Energy-WESTERLY (WASHINGTON,RI)",907,D,P,11/09/2025 09:00
11/07/2025 09:00,11/08/2025 08:59,00009,"Putnam (WINDHAM,CT)",81,D,P,11/09/2025 09:00
11/07/2025 09:00,11/08/2025 08:59,00010,"Rhode Island Energy - E. Providence (PROVIDENCE,RI)","16,163",D,P,11/09/2025 09:00
11/07/2025 09:00,11/08/2025 08:59,00011,"Taunton (BRISTOL, MA)","3,324",D,P,11/09/2025 09:00
11/07/2025 09:00,11/08/2025 08:59,00012,"Rhode Island Energy - WARREN (BRISTOL,RI)","1,793",D,P,11/09/2025 09:00
11/07/2025 09:00,11/08/2025 08:59,00013,"Rhode Island Energy- Portsmouth (NEWPORT,RI)","3,356",D,P,11/09/2025 09:00
11/07/2025 09:00,11/08/2025 08:59,00015,"Freetown (BRISTOL,MA)","1,369",D,P,11/09/2025 09:00
11/07/2025 09:00,11/08/2025 08:59,00016,"New England Gas Company Fall River (BRISTOL,MA)","7,533",D,P,11/09/2025 09:00
11/07/2025 09:00,11/08/2025 08:59,00017,"New Bedford (BRISTOL,MA)","1,916",D,P,11/09/2025 09:00
11/07/2025 09:00,11/08/2025 08:59,00018,Bourne Station Relocation (Mainland Bourne),649,D,P,11/09/2025 09:00
11/07/2025 09:00,11/08/2025 08:59,00019,"Plymouth (PLYMOUTH,MA)",711,D,P,11/09/2025 09:00
11/07/2025 09:00,11/08/2025 08:59,00020,"Milford (WORCESTER,MA)",319,D,P,11/09/2025 09:00
11/07/2025 09:00,11/08/2025 08:59,00021,"National Grid- NORWOOD (NORFOLK,MA)",324,D,P,11/09/2025 09:00
11/07/2025 09:00,11/08/2025 08:59,00022,"Westwood (NORFOLK, MA)","1,292",D,P,11/09/2025 09:00
11/07/2025 09:00,11/08/2025 08:59,00023,"National Grid- EAST BRAINTREE (NORFOLK,MA)",597,D,P,11/09/2025 09:00
11/07/2025 09:00,11/08/2025 08:59,00024,"Brockton (PLYMOUTH,MA)","7,465",D,P,11/09/2025 09:00
11/07/2025 09:00,11/08/2025 08:59,00025,"Hopedale (NORFOLK,MA)",413,D,P,11/09/2025 09:00
11/07/2025 09:00,11/08/2025 08:59,00027,"National Grid- EVERETT (MIDDLESEX,MA)","2,176",D,P,11/09/2025 09:00
11/07/2025 09:00,11/08/2025 08:59,00028,"Brookford ST (MIDDLESEX,MA)","1,097",D,P,11/09/2025 09:00
11/07/2025 09:00,11/08/2025 08:59,00029,"Middleboro (PLYMOUTH,MA)",768,D,P,11/09/2025 09:00
11/07/2025 09:00,11/08/2025 08:59,00030,"Guilford (NEW HAVEN,CT)",887,D,P,11/09/2025 09:00
11/07/2025 09:00,11/08/2025 08:59,00031,"Kensington New Haven, CT","1,306",D,P,11/09/2025 09:00
11/07/2025 09:00,11/08/2025 08:59,00032,"National Grid-WALTHAM (MIDDLESEX,MA)",358,D,P,11/09/2025 09:00
11/07/2025 09:00,11/08/2025 08:59,00033,"Rhode Island Energy - TIVERTON (NEWPORT,RI)",146,D,P,11/09/2025 09:00
11/07/2025 09:00,11/08/2025 08:59,00034,"New England Gas Company No. Attleboro (BRISTOL,MA)","1,525",D,P,11/09/2025 09:00
11/07/2025 09:00,11/08/2025 08:59,00035,"Salem Pike (NORWICH, CT)",0,D,P,11/09/2025 09:00
11/07/2025 09:00,11/08/2025 08:59,00036,"West Medway (NORFOLK,MA)","1,330",D,P,11/09/2025 09:00
11/07/2025 09:00,11/08/2025 08:59,00037,"South Attleboro (BRISTOL, MA)",760,D,P,11/09/2025 09:00
11/07/2025 09:00,11/08/2025 08:59,00038,"Charles River RD (NORFOLK,MA)",758,D,P,11/09/2025 09:00
11/07/2025 09:00,11/08/2025 08:59,00039,"Suffern (ROCKLAND,NY)",0,D,P,11/09/2025 09:00
11/07/2025 09:00,11/08/2025 08:59,00040,"Stony Point (ROCKLAND,NY)",0,D,P,11/09/2025 09:00
11/07/2025 09:00,11/08/2025 08:59,00041,"Peekskill (WESTCHESTER,NY)",0,D,P,11/09/2025 09:00
11/07/2025 09:00,11/08/2025 08:59,00043,"Ashland (MIDDLESEX,MA)","1,048",D,P,11/09/2025 09:00
11/07/2025 09:00,11/08/2025 08:59,00044,"Rhode Island Energy-Burrillville (PROVIDENCE,RI)",205,D,P,11/09/2025 09:00
11/07/2025 09:00,11/08/2025 08:59,00045,Somers  (Westchester),0,D,P,11/09/2025 09:00
11/07/2025 09:00,11/08/2025 08:59,00046,"Yantic (HARTFORD,CT)",0,D,P,11/09/2025 09:00
11/07/2025 09:00,11/08/2025 08:59,00047,"Cortlandt (WESTCHESTER,NY)",0,D,P,11/09/2025 09:00
11/07/2025 09:00,11/08/2025 08:59,00048,"Yorktown (WESTCHESTER,NY)",0,D,P,11/09/2025 09:00
11/07/2025 09:00,11/08/2025 08:59,00049,"New England Gas Company Westport (BRISTOL,MA)","1,160",D,P,11/09/2025 09:00
11/07/2025 09:00,11/08/2025 08:59,00050,"Pomfret (WINDHAM,CT)",521,D,P,11/09/2025 09:00
11/07/2025 09:00,11/08/2025 08:59,00051,Sagamore Station Relocation (Mainland Sagamore),647,D,P,11/09/2025 09:00
11/07/2025 09:00,11/08/2025 08:59,00052,"National Grid-PONKAPOAG (NORFOLK,MA)","4,406",D,P,11/09/2025 09:00
11/07/2025 09:00,11/08/2025 08:59,00053,"Norwichtown (NEW LONDON,CT)",0,D,P,11/09/2025 09:00
11/07/2025 09:00,11/08/2025 08:59,00055,"Bernards (SOMERSET,NJ)",0,D,P,11/09/2025 09:00
11/07/2025 09:00,11/08/2025 08:59,00056,"Morris (MORRIS,NJ)",0,D,P,11/09/2025 09:00
11/07/2025 09:00,11/08/2025 08:59,00057,"National Grid-WESTON (MIDDLESEX,MA)",104,D,P,11/09/2025 09:00
11/07/2025 09:00,11/08/2025 08:59,00058,"Canton (NORFOLK,MA)","1,351",D,P,11/09/2025 09:00
11/07/2025 09:00,11/08/2025 08:59,00059,"MONTVILLE (NEW LONDON,CT)","2,980",D,P,11/09/2025 09:00
11/07/2025 09:00,11/08/2025 08:59,00060,"Southington (HARTFORD,CT)",45,D,P,11/09/2025 09:00
11/07/2025 09:00,11/08/2025 08:59,00061,"Woodland RD (NORFOLK,MA)",83,D,P,11/09/2025 09:00
11/07/2025 09:00,11/08/2025 08:59,00062,"Vernon (TOLLAND,CT)",651,D,P,11/09/2025 09:00
11/07/2025 09:00,11/08/2025 08:59,00063,"Danbury (FAIRFIELD,CT)",490,D,P,11/09/2025 09:00
11/07/2025 09:00,11/08/2025 08:59,00064,"Rhode Island Energy-BARRINGTON (PROVIDENCE,RI)",0,D,P,11/09/2025 09:00
11/07/2025 09:00,11/08/2025 08:59,00066,"Dover (NORFOLK,MA)",0,D,P,11/09/2025 09:00
11/07/2025 09:00,11/08/2025 08:59,00068,"Farmington (HARTFORD,CT)",0,D,P,11/09/2025 09:00
11/07/2025 09:00,11/08/2025 08:59,00069,"Oxford (NEW HAVEN, CT)",90,D,P,11/09/2025 09:00
11/07/2025 09:00,11/08/2025 08:59,00071,"New England Gas Company Swansea (BRISTOL,MA)","1,278",D,P,11/09/2025 09:00
11/07/2025 09:00,11/08/2025 08:59,00072,"Portland (MIDDLESEX,CT)",0,D,P,11/09/2025 09:00
11/07/2025 09:00,11/08/2025 08:59,00074,"National Grid-WELLESLEY (NORFOLK,MA)","1,526",D,P,11/09/2025 09:00
11/07/2025 09:00,11/08/2025 08:59,00075,"GLASTONBURY (HARTFORD,CT)",3,D,P,11/09/2025 09:00
11/07/2025 09:00,11/08/2025 08:59,00076,"MANSFIELD (TOLLAND,CT)",0,D,P,11/09/2025 09:00
11/07/2025 09:00,11/08/2025 08:59,00077,"DEFCO (NEW HAVEN,CT)",190,D,P,11/09/2025 09:00
11/07/2025 09:00,11/08/2025 08:59,00078,"CROMWELL (MIDDLESEX,CT)",13,D,P,11/09/2025 09:00
11/07/2025 09:00,11/08/2025 08:59,00079,"SOUTHBURY (NEW HAVEN,CT)",112,D,P,11/09/2025 09:00
11/07/2025 09:00,11/08/2025 08:59,00080,"National Grid-POLAROID (MIDDLESEX,MA)",711,D,P,11/09/2025 09:00
11/07/2025 09:00,11/08/2025 08:59,00081,"National Grid-POTTER St. (NORFOLK,MA)",0,D,P,11/09/2025 09:00
11/07/2025 09:00,11/08/2025 08:59,00082,"Stonington (NEW LONDON,CT)",0,D,P,11/09/2025 09:00
11/07/2025 09:00,11/08/2025 08:59,00083,"Rhode Island Energy-CUMBERLAND (PROVIDENCE,RI)",500,D,P,11/09/2025 09:00
11/07/2025 09:00,11/08/2025 08:59,00084,"Southeast (PUTNAM,NY)",0,D,P,11/09/2025 09:00
11/07/2025 09:00,11/08/2025 08:59,00085,"Bristol (HARTFORD,CT)",708,D,P,11/09/2025 09:00
11/07/2025 09:00,11/08/2025 08:59,00087,"PG&E Manchester St, (PROVIDENCE,RI)",0,D,P,11/09/2025 09:00
11/07/2025 09:00,11/08/2025 08:59,00089,"National Grid-MEDFORD (MIDDLESEX,MA)",2,D,P,11/09/2025 09:00
11/07/2025 09:00,11/08/2025 08:59,00093,"Dartmouth Power (NORFOLK,MA)",0,D,P,11/09/2025 09:00
11/07/2025 09:00,11/08/2025 08:59,00094,"Bellingham(NORFOLK,MA)",0,D,P,11/09/2025 09:00
11/07/2025 09:00,11/08/2025 08:59,00095,"Ocean St (PROVIDENCE,RI)",0,D,P,11/09/2025 09:00
11/07/2025 09:00,11/08/2025 08:59,00201,"Mahwah (BERGEN,NJ)","76,587",R,P,11/09/2025 09:00
11/07/2025 09:00,11/08/2025 08:59,00202,"Ramapo (ROCKLAND,NY)",0,D,P,11/09/2025 09:00
11/07/2025 09:00,11/08/2025 08:59,00205,"MENDON (NORFOLK,MA)",0,R,P,11/09/2025 09:00
11/07/2025 09:00,11/08/2025 08:59,00208,"AGT-WANAQUE INTERCONNECT (PASSAIC,NJ)",0,R,P,11/09/2025 09:00
11/07/2025 09:00,11/08/2025 08:59,00210,"Algonquin - Lambertville, NJ","83,126",R,P,11/09/2025 09:00
11/07/2025 09:00,11/08/2025 08:59,00211,"TETCO - Hanover (MORRIS,NJ)",0,R,P,11/09/2025 09:00
11/07/2025 09:00,11/08/2025 08:59,00214,"Ramapo - Millennium (ROCKLAND,NY)","28,673",R,P,11/09/2025 09:00
11/07/2025 09:00,11/08/2025 08:59,00215,"Salem Essex Co., MA (ESSEX,MA)",0,R,P,11/09/2025 09:00
11/07/2025 09:00,11/08/2025 08:59,00220,"Centerville-Transco (MORRIS,NJ)","21,462",R,P,11/09/2025 09:00
11/07/2025 09:00,11/08/2025 08:59,00230,"Marathon (MIDDLESEX,MA)",0,R,P,11/09/2025 09:00
11/07/2025 09:00,11/08/2025 08:59,00240,"Columbia Hanover (MORRIS,NJ)",0,R,P,11/09/2025 09:00
11/07/2025 09:00,11/08/2025 08:59,00251,"Brookfield (FAIRFIELD,CT)",0,R,P,11/09/2025 09:00
11/07/2025 09:00,11/08/2025 08:59,00271,"Everett Int. (MIDDLESEX,MA)",0,R,P,11/09/2025 09:00
11/07/2025 09:00,11/08/2025 08:59,00620,"Excelerate Energy LP - Excelerate MS - (ESSEX,MA)",0,R,P,11/09/2025 09:00
11/07/2025 09:00,11/08/2025 08:59,00621,"Excelerate Energy LP - Excellence MS -(ESSEX, MA)",0,R,P,11/09/2025 09:00
11/07/2025 09:00,11/08/2025 08:59,00622,"Excelerate Energy LP - NE Gateway-Explorer (ESSEX,MA)",0,R,P,11/09/2025 09:00
11/07/2025 09:00,11/08/2025 08:59,00624,"Excelerate Energy LP - Exquisite (ESSEX,MA)",0,R,P,11/09/2025 09:00
11/07/2025 09:00,11/08/2025 08:59,00625,"Excelerate Energy LP - Expedient (ESSEX,MA)",0,R,P,11/09/2025 09:00
11/07/2025 09:00,11/08/2025 08:59,00626,"Excelerate Energy LP - Exemplar (ESSEX,MA)",0,R,P,11/09/2025 09:00
11/07/2025 09:00,11/08/2025 08:59,00630,"Suez Neptune LNG -(ESSEX, MA)",0,R,P,11/09/2025 09:00
11/07/2025 09:00,11/08/2025 08:59,00631,"Suez Cape Ann, LNG -(ESSEX, MA)",0,R,P,11/09/2025 09:00
11/07/2025 09:00,11/08/2025 08:59,00801,Milford Power,0,D,P,11/09/2025 09:00
11/07/2025 09:00,11/08/2025 08:59,00803,"FORE RIVER (NORFOLK,MA)",0,D,P,11/09/2025 09:00
11/07/2025 09:00,11/08/2025 08:59,00804,"Hebron (HARTFORD,CT)",0,D,P,11/09/2025 09:00
11/07/2025 09:00,11/08/2025 08:59,00805,"Franklin (NEW LONDON,CT)",154,D,P,11/09/2025 09:00
11/07/2025 09:00,11/08/2025 08:59,00806,Canal Generating,0,D,P,11/09/2025 09:00
11/07/2025 09:00,11/08/2025 08:59,00810,"Middletown, (MIDDLESEX,CT)",0,D,P,11/09/2025 09:00
11/07/2025 09:00,11/08/2025 08:59,00811,"North Somers (WESTCHESTER,NY)",0,D,P,11/09/2025 09:00
11/07/2025 09:00,11/08/2025 08:59,00812,"TMPL (BRISTOL,MA)",0,D,P,11/09/2025 09:00
11/07/2025 09:00,11/08/2025 08:59,00813,"National Grid-ROCHESTER (PLYMOUTH,MA)",150,D,P,11/09/2025 09:00
11/07/2025 09:00,11/08/2025 08:59,00814,"ANP BELLINGHAM ENERGY COMPANY (NORFOLK,MA)","37,915",D,P,11/09/2025 09:00
11/07/2025 09:00,11/08/2025 08:59,00815,"Dighton Power LLC Bristol MA (BRISTOL,MA)",0,D,P,11/09/2025 09:00
11/07/2025 09:00,11/08/2025 08:59,00816,"Revere Power (PROVIDENCE,RI)","13,558",D,P,11/09/2025 09:00
11/07/2025 09:00,11/08/2025 08:59,00817,"Dynegy Lake Road (Windham,CT)","11,906",D,P,11/09/2025 09:00
11/07/2025 09:00,11/08/2025 08:59,00819,"Middletown- Cromwell Fairfield, CT",956,D,P,11/09/2025 09:00
11/07/2025 09:00,11/08/2025 08:59,00820,"Wallingford Energy Interconnect (FAIRFIELD,CT)",0,D,P,11/09/2025 09:00
11/07/2025 09:00,11/08/2025 08:59,00821,"Pinehills Meter - (PLYMOUTH,MA)",281,D,P,11/09/2025 09:00
11/07/2025 09:00,11/08/2025 08:59,00822,"Phelps Dodge (NEW LONDON,CT)",0,D,P,11/09/2025 09:00
11/07/2025 09:00,11/08/2025 08:59,00823,"Sharon Station-(NORFOLK,MA)","4,845",D,P,11/09/2025 09:00
11/07/2025 09:00,11/08/2025 08:59,00824,New England Gas Company Fall River Gas-North Fall River Sta-(BRIST,"1,125",D,P,11/09/2025 09:00
11/07/2025 09:00,11/08/2025 08:59,00826,"Mystic (MIDDLESEX,MA)",0,D,P,11/09/2025 09:00
11/07/2025 09:00,11/08/2025 08:59,00827,"National Grid-WEYMOUTH (NORFOLK,MA)",535,D,P,11/09/2025 09:00
11/07/2025 09:00,11/08/2025 08:59,00828,"UConn Mansfield (TOLLAND,CT)",0,D,P,11/09/2025 09:00
11/07/2025 09:00,11/08/2025 08:59,00829,"National Grid-SANDWICH (BARNSTABLE,MA)",248,D,P,11/09/2025 09:00
11/07/2025 09:00,11/08/2025 08:59,00830,"Marathon (MIDDLESEX,MA)","3,693",D,P,11/09/2025 09:00
11/07/2025 09:00,11/08/2025 08:59,00831,"CMEEC-PIERCE POWER PLANT-(NEW HAVEN,CT)",0,D,P,11/09/2025 09:00
11/07/2025 09:00,11/08/2025 08:59,00832,"Norfolk Meter Station (NORFOLK,MA)",747,D,P,11/09/2025 09:00
11/07/2025 09:00,11/08/2025 08:59,00833,Kleen Energy,0,D,P,11/09/2025 09:00
11/07/2025 09:00,11/08/2025 08:59,00834,"BELD - Braintree Electric Light  (NORFOLK,MA)",0,D,P,11/09/2025 09:00
11/07/2025 09:00,11/08/2025 08:59,00835,"WEST DANBURY (FAIRFIELD,CT)",463,D,P,11/09/2025 09:00
11/07/2025 09:00,11/08/2025 08:59,00836,GenConn Power Plant,0,D,P,11/09/2025 09:00
11/07/2025 09:00,11/08/2025 08:59,00837,Salem Harbor Station,0,D,P,11/09/2025 09:00
11/07/2025 09:00,11/08/2025 08:59,00838,National Grid - West Roxbury,559,D,P,11/09/2025 09:00
11/07/2025 09:00,11/08/2025 08:59,00839,"NStar - Assonet, Bristol Co, MA",134,D,P,11/09/2025 09:00
11/07/2025 09:00,11/08/2025 08:59,00840,AGT to TE Hanover,0,D,P,11/09/2025 09:00
11/07/2025 09:00,11/08/2025 08:59,00841,"Norwich Public Utilities-Oakland Heights, New London, CT",0,D,P,11/09/2025 09:00
11/07/2025 09:00,11/08/2025 08:59,00842,"National Grid - Crary Street-Providence,,RI","6,479",D,P,11/09/2025 09:00
11/07/2025 09:00,11/08/2025 08:59,00843,CPV Towantic,0,D,P,11/09/2025 09:00
11/07/2025 09:00,11/08/2025 08:59,00844,"Exelon/Constellation Energy, Norfolk Co., Ma",0,D,P,11/09/2025 09:00
11/07/2025 09:00,11/08/2025 08:59,00851,"Brookfield Delivery (FAIRFIELD,CT)",0,D,P,11/09/2025 09:00
11/07/2025 09:00,11/08/2025 08:59,01211,AGT To TETCO for PSEG Del.,0,D,P,11/09/2025 09:00
11/07/2025 09:00,11/08/2025 08:59,01215,"Salem Essex Co., MA North (ESSEX,MA)",0,D,P,11/09/2025 09:00
11/07/2025 09:00,11/08/2025 08:59,02210,"LAMBERTVILLE DELIVERY (HUNTERDON, NJ)",0,D,P,11/09/2025 09:00
11/07/2025 09:00,11/08/2025 08:59,02630,"Neptune LNG -(ESSEX, MA)",0,D,P,11/09/2025 09:00
11/07/2025 09:00,11/08/2025 08:59,80100,KLEEN ENERGY LATERAL MAINLINE,0,D,A,11/09/2025 09:00
11/07/2025 09:00,11/08/2025 08:59,80101,KLEEN ENERGY LATERAL,0,R,A,11/09/2025 09:00
11/07/2025 09:00,11/08/2025 08:59,87000,AGT PAL POINT OF TRANSACTION,0,R,A,11/09/2025 09:00
11/07/2025 09:00,11/08/2025 08:59,88888,00215/01215,0,D,P,11/09/2025 09:00
11/07/2025 09:00,11/08/2025 08:59,99200,NJ-NY MAINLINE,0,D,A,11/09/2025 09:00
11/07/2025 09:00,11/08/2025 08:59,99826,BROOKFIELD IN-LINE TRANSFER POINT,0,R,A,11/09/2025 09:00
11/07/2025 09:00,11/08/2025 08:59,99827,BURRILLVILLE IN-LINE TRANSFER POINT,0,D,A,11/09/2025 09:00
11/07/2025 09:00,11/08/2025 08:59,99847,AGT WEST END ACCTG PT,0,R,A,11/09/2025 09:00
11/07/2025 09:00,11/08/2025 08:59,99854,"HANOVER, NJ FUEL ACCOUNTING METER",0,R,A,11/09/2025 09:00
11/07/2025 09:00,11/08/2025 08:59,99855,SALEM LATERAL CUSTODY TRANSFER POINT,0,R,A,11/09/2025 09:00
11/07/2025 09:00,11/08/2025 08:59,99856,MAHWAH IN-LINE TRANSFER POINT,0,D,A,11/09/2025 09:00
11/07/2025 09:00,11/08/2025 08:59,99857,EAST BRAINTREE CUSTODY TRANSFER POINT,"-16,888",D,A,11/09/2025 09:00

