Effective_From_DateTime,Effective_End_DateTime,Loc_Prop,Loc_Name,Allocated_Qty,Direction_Of_Flow,Accounting_Physincal_Indicator,Posting_DateTime
12/30/2022 09:00,12/31/2022 08:59,70004,"Dominion Energy Transmission, Inc - Clarington, OH",0,D,P,01/10/2023 06:07
12/30/2022 09:00,12/31/2022 08:59,70011,"Columbia Gas of  PA.  - Eagle, PA","22,238",D,P,01/10/2023 06:07
12/30/2022 09:00,12/31/2022 08:59,70017,"Indiana Gas - Greensburg, IN",0,D,P,01/10/2023 06:07
12/30/2022 09:00,12/31/2022 08:59,70018,"Indiana Gas - Seymour, IN","2,361",D,P,01/10/2023 06:07
12/30/2022 09:00,12/31/2022 08:59,70020,"Equitrans - Waynesburg, PA",0,D,P,01/10/2023 06:07
12/30/2022 09:00,12/31/2022 08:59,70030,"Philadelphia Gas Works - Point Breeze,PA","23,859",D,P,01/10/2023 06:07
12/30/2022 09:00,12/31/2022 08:59,70033,"PECO Energy - Cromby Generation, PA","3,694",D,P,01/10/2023 06:07
12/30/2022 09:00,12/31/2022 08:59,70034,"Philadelphia Gas Works - Levick St., PA","40,894",D,P,01/10/2023 06:07
12/30/2022 09:00,12/31/2022 08:59,70035,"PECO Energy - Tilghman St. - Chester, PA","12,404",D,P,01/10/2023 06:07
12/30/2022 09:00,12/31/2022 08:59,70036,"PECO Energy - West Conshohocken, PA","17,558",D,P,01/10/2023 06:07
12/30/2022 09:00,12/31/2022 08:59,70039,"United Cities - Harrisburg, IL",0,D,P,01/10/2023 06:07
12/30/2022 09:00,12/31/2022 08:59,70041,"Columbia Gas - Lebanon, OH",0,D,P,01/10/2023 06:07
12/30/2022 09:00,12/31/2022 08:59,70042,"Union Elec -Cape Girardeau, MO",50,D,P,01/10/2023 06:07
12/30/2022 09:00,12/31/2022 08:59,70043,"Union Electric - Dexter, MO",8,D,P,01/10/2023 06:07
12/30/2022 09:00,12/31/2022 08:59,70051,"PEOPLES NAT - Somerset, PA",0,D,P,01/10/2023 06:07
12/30/2022 09:00,12/31/2022 08:59,70056,Columbia Gas of  PA. -  (Uniontown),0,D,P,01/10/2023 06:07
12/30/2022 09:00,12/31/2022 08:59,70057,"Public Service - South Plainfield, NJ","1,310",D,P,01/10/2023 06:07
12/30/2022 09:00,12/31/2022 08:59,70058,"National Grid Metro NY, Goethals Rd., Staten Island, Richmond Co.,",0,D,P,01/10/2023 06:07
12/30/2022 09:00,12/31/2022 08:59,70061,"Atmos Energy Corporation - Scott Co, MO","4,485",D,P,01/10/2023 06:07
12/30/2022 09:00,12/31/2022 08:59,70062,"Nat Gas & Oil - Somerset, OH",0,D,P,01/10/2023 06:07
12/30/2022 09:00,12/31/2022 08:59,70063,"Huntingburg, IN",0,D,P,01/10/2023 06:07
12/30/2022 09:00,12/31/2022 08:59,70065,"Texas Gas Transmission - Lisbon, LA  (Delivery)",0,D,P,01/10/2023 06:07
12/30/2022 09:00,12/31/2022 08:59,70066,"Parkway Generation - Sewaren, NJ",0,D,P,01/10/2023 06:07
12/30/2022 09:00,12/31/2022 08:59,70069,"UGI Utilities, Inc. (Columbia Gas)  - Columbia, PA",202,D,P,01/10/2023 06:07
12/30/2022 09:00,12/31/2022 08:59,70070,"UGI Utilities, Inc. (Columbia Gas) -Lancaster, PA","2,080",D,P,01/10/2023 06:07
12/30/2022 09:00,12/31/2022 08:59,70077,"Columbia Gas - Hooker, OH",0,D,P,01/10/2023 06:07
12/30/2022 09:00,12/31/2022 08:59,70079,"Atmos Energy Corporation- Jim Hill, MO","1,664",D,P,01/10/2023 06:07
12/30/2022 09:00,12/31/2022 08:59,70081,"Columbia Gas - Sabina, OH",0,D,P,01/10/2023 06:07
12/30/2022 09:00,12/31/2022 08:59,70087,"Algonquin - Lambertville, NJ","154,120",D,P,01/10/2023 06:07
12/30/2022 09:00,12/31/2022 08:59,70089,"Consumers Gas Co. - Carmi, IL",0,D,P,01/10/2023 06:07
12/30/2022 09:00,12/31/2022 08:59,70090,"Somerset Gas - Casey Co., KY",0,D,P,01/10/2023 06:07
12/30/2022 09:00,12/31/2022 08:59,70092,"Norris City, IL",156,D,P,01/10/2023 06:07
12/30/2022 09:00,12/31/2022 08:59,70093,"Jasper, IN",418,D,P,01/10/2023 06:07
12/30/2022 09:00,12/31/2022 08:59,70095,"Nat Gas - Caldwell, OH",0,D,P,01/10/2023 06:07
12/30/2022 09:00,12/31/2022 08:59,70096,"UGI CENTRAL - Shippensburg - Oxford, PA",347,D,P,01/10/2023 06:07
12/30/2022 09:00,12/31/2022 08:59,70098,"Fulton, MS",0,D,P,01/10/2023 06:07
12/30/2022 09:00,12/31/2022 08:59,70099,Belmont  MS,416,D,P,01/10/2023 06:07
12/30/2022 09:00,12/31/2022 08:59,70100,"Red Bay, AL",150,D,P,01/10/2023 06:07
12/30/2022 09:00,12/31/2022 08:59,70101,Lawrenceburg Gas - TN,"1,215",D,P,01/10/2023 06:07
12/30/2022 09:00,12/31/2022 08:59,70102,"Unit Cities - Murfreesboro, TN",0,D,P,01/10/2023 06:07
12/30/2022 09:00,12/31/2022 08:59,70104,"Lafayette, TN",0,D,P,01/10/2023 06:07
12/30/2022 09:00,12/31/2022 08:59,70107,"Arkla Inc. - Cabot, AR",742,D,P,01/10/2023 06:07
12/30/2022 09:00,12/31/2022 08:59,70108,"Arkla Inc. - Beebe, AR",395,D,P,01/10/2023 06:07
12/30/2022 09:00,12/31/2022 08:59,70109,"Arkla Inc. - Light, AR",227,D,P,01/10/2023 06:07
12/30/2022 09:00,12/31/2022 08:59,70110,"Assoc Nat Gas - Piggott, AR","2,204",D,P,01/10/2023 06:07
12/30/2022 09:00,12/31/2022 08:59,70119,"Chambersburg, PA","4,407",D,P,01/10/2023 06:07
12/30/2022 09:00,12/31/2022 08:59,70122,"Cairo, Public",509,D,P,01/10/2023 06:07
12/30/2022 09:00,12/31/2022 08:59,70123,"Miss River Fuel Transmission - Bald Knob, AR (REC)",0,R,P,01/10/2023 06:07
12/30/2022 09:00,12/31/2022 08:59,70128,"Public Service - Linden, NJ","7,034",D,P,01/10/2023 06:07
12/30/2022 09:00,12/31/2022 08:59,70129,Louis Dreyfus,0,D,P,01/10/2023 06:07
12/30/2022 09:00,12/31/2022 08:59,70192,"Smith (Harvey Broyle)#2 Murphy-Bryceland, Bienville Psh., LA",0,R,P,01/10/2023 06:07
12/30/2022 09:00,12/31/2022 08:59,70215,"Texas Gas Transmission LLC - Lebanon, OH",0,R,P,01/10/2023 06:07
12/30/2022 09:00,12/31/2022 08:59,70217,"GULF SOUTH PIPELINE COMPANY- KOSCIUSKO,  MS",0,R,P,01/10/2023 06:07
12/30/2022 09:00,12/31/2022 08:59,70238,"Hughes Eastern - Chickasaw, MS",0,R,P,01/10/2023 06:07
12/30/2022 09:00,12/31/2022 08:59,70244,"Transco - Linden, NJ - DEL",0,D,P,01/10/2023 06:07
12/30/2022 09:00,12/31/2022 08:59,70249,"Transco - Skippack, PA - REC",0,R,P,01/10/2023 06:07
12/30/2022 09:00,12/31/2022 08:59,70266,"UGI CENTRAL - Huntingdon Gas - Huntingdon, PA",41,D,P,01/10/2023 06:07
12/30/2022 09:00,12/31/2022 08:59,70275,"Elizabethtown Gas Company - Elizabeth, NJ","4,473",D,P,01/10/2023 06:07
12/30/2022 09:00,12/31/2022 08:59,70283,"TGC Lick Creek - Williamson Co., Il (To TE)",0,R,P,01/10/2023 06:07
12/30/2022 09:00,12/31/2022 08:59,70295,"Anna, IL",0,D,P,01/10/2023 06:07
12/30/2022 09:00,12/31/2022 08:59,70297,ATMOS ENERGY - ETHEL - ATTALA CO. MS,10,D,P,01/10/2023 06:07
12/30/2022 09:00,12/31/2022 08:59,70298,"Mississippi Valley - McCool, MS",0,D,P,01/10/2023 06:07
12/30/2022 09:00,12/31/2022 08:59,70299,"Florence, AL",0,D,P,01/10/2023 06:07
12/30/2022 09:00,12/31/2022 08:59,70308,"UGI CENTRAL - Lewistown - Juniata Co., PA",180,D,P,01/10/2023 06:07
12/30/2022 09:00,12/31/2022 08:59,70309,"UGI CENTRAL - Pottsville Gas - Berks Co., PA",917,D,P,01/10/2023 06:07
12/30/2022 09:00,12/31/2022 08:59,70313,"Columbia, KY",62,D,P,01/10/2023 06:07
12/30/2022 09:00,12/31/2022 08:59,70315,"Smyrna, TN",0,D,P,01/10/2023 06:07
12/30/2022 09:00,12/31/2022 08:59,70316,"Hartsville Gas - Trousdale, TN",170,D,P,01/10/2023 06:07
12/30/2022 09:00,12/31/2022 08:59,70321,"UGI Utilities, Inc. (Columbia Gas) - Lebanon, PA",671,D,P,01/10/2023 06:07
12/30/2022 09:00,12/31/2022 08:59,70322,"UGI UTIL (Columbia Gas) - Reading, PA",0,D,P,01/10/2023 06:07
12/30/2022 09:00,12/31/2022 08:59,70323,"PEOPLES NAT - Claysburg, PA",0,D,P,01/10/2023 06:07
12/30/2022 09:00,12/31/2022 08:59,70336,"Union Elec. - Bloomfield, MO",2,D,P,01/10/2023 06:07
12/30/2022 09:00,12/31/2022 08:59,70364,"Magnum Producing, LP - May, TX",0,R,P,01/10/2023 06:07
12/30/2022 09:00,12/31/2022 08:59,70396,"United Cities - Franklin, TN",0,D,P,01/10/2023 06:07
12/30/2022 09:00,12/31/2022 08:59,70397,"Smyrna, TN",0,D,P,01/10/2023 06:07
12/30/2022 09:00,12/31/2022 08:59,70398,"Bernie, MO",0,D,P,01/10/2023 06:07
12/30/2022 09:00,12/31/2022 08:59,70418,"Gloster, MS",0,D,P,01/10/2023 06:07
12/30/2022 09:00,12/31/2022 08:59,70419,"Meadville, MS",6,D,P,01/10/2023 06:07
12/30/2022 09:00,12/31/2022 08:59,70420,"Bude, MS",17,D,P,01/10/2023 06:07
12/30/2022 09:00,12/31/2022 08:59,70421,"Flora, MS",10,D,P,01/10/2023 06:07
12/30/2022 09:00,12/31/2022 08:59,70428,"Edmonton, KY",0,D,P,01/10/2023 06:07
12/30/2022 09:00,12/31/2022 08:59,70429,"Tompkinsville, KY",205,D,P,01/10/2023 06:07
12/30/2022 09:00,12/31/2022 08:59,70430,"Pulaski, TN",0,D,P,01/10/2023 06:07
12/30/2022 09:00,12/31/2022 08:59,70441,"Grayville, IL",215,D,P,01/10/2023 06:07
12/30/2022 09:00,12/31/2022 08:59,70442,"Crossville, IL",40,D,P,01/10/2023 06:07
12/30/2022 09:00,12/31/2022 08:59,70449,"Public Service - Central Works, NJ",908,D,P,01/10/2023 06:07
12/30/2022 09:00,12/31/2022 08:59,70457,"Lawrenceburg, TN",244,D,P,01/10/2023 06:07
12/30/2022 09:00,12/31/2022 08:59,70458,"PEOPLES NAT - Ebensburg, PA",0,D,P,01/10/2023 06:07
12/30/2022 09:00,12/31/2022 08:59,70463,"UGI CENTRAL - Counties Gas Co. - Mifflin Co., PA",0,D,P,01/10/2023 06:07
12/30/2022 09:00,12/31/2022 08:59,70468,"Columbia Gas - Corwin, OH",0,D,P,01/10/2023 06:07
12/30/2022 09:00,12/31/2022 08:59,70471,"Dominion Transmission Inc - Woodsfield, OH",0,D,P,01/10/2023 06:07
12/30/2022 09:00,12/31/2022 08:59,70473,Texana Midstream Company LP,"1,100",D,P,01/10/2023 06:07
12/30/2022 09:00,12/31/2022 08:59,70478,"New Harmony, IL",0,D,P,01/10/2023 06:07
12/30/2022 09:00,12/31/2022 08:59,70480,"Horton Highway - Triune, TN",0,D,P,01/10/2023 06:07
12/30/2022 09:00,12/31/2022 08:59,70486,"UGI UTIL (Columbia Gas) - Womelsdorf, PA",276,D,P,01/10/2023 06:07
12/30/2022 09:00,12/31/2022 08:59,70517,"PECO - Alan Wood Steel, PA",114,D,P,01/10/2023 06:07
12/30/2022 09:00,12/31/2022 08:59,70519,"UGI UTIL (Columbia Gas) - Dauphin Co., PA","2,837",D,P,01/10/2023 06:07
12/30/2022 09:00,12/31/2022 08:59,70521,"Duke Energy Ohio, Inc. Dicks Creek",0,D,P,01/10/2023 06:07
12/30/2022 09:00,12/31/2022 08:59,70524,"Atmos Energy - Amory, MS",0,D,P,01/10/2023 06:07
12/30/2022 09:00,12/31/2022 08:59,70532,"Atmos Energy Corporation- Benton, MO",304,D,P,01/10/2023 06:07
12/30/2022 09:00,12/31/2022 08:59,70539,"S.I.G. & Elec -Ft. Branch, IN",97,D,P,01/10/2023 06:07
12/30/2022 09:00,12/31/2022 08:59,70548,"Starks Utilities - Starks, LA",19,D,P,01/10/2023 06:07
12/30/2022 09:00,12/31/2022 08:59,70552,"TE Todhunter - Todhunter, OH",0,D,P,01/10/2023 06:07
12/30/2022 09:00,12/31/2022 08:59,70573,"Batesville, IN",416,D,P,01/10/2023 06:07
12/30/2022 09:00,12/31/2022 08:59,70579,"Columbia Gas of  PA.  - Rockwood, PA","1,588",D,P,01/10/2023 06:07
12/30/2022 09:00,12/31/2022 08:59,70582,"Midwest Nat. - Brownstown, IN",0,D,P,01/10/2023 06:07
12/30/2022 09:00,12/31/2022 08:59,70583,"Midwest Nat. -North Vernon, IN",0,D,P,01/10/2023 06:07
12/30/2022 09:00,12/31/2022 08:59,70584,"Elizabethtown Gas Company - Ringoes, NJ","1,561",D,P,01/10/2023 06:07
12/30/2022 09:00,12/31/2022 08:59,70633,"B&T Oil Co., Yoward C.P. - Bee Co., TX",0,R,P,01/10/2023 06:07
12/30/2022 09:00,12/31/2022 08:59,70689,"NOG Production & Operating LLC- #1 Children's Home - Bee Co.,TX",0,R,P,01/10/2023 06:07
12/30/2022 09:00,12/31/2022 08:59,70859,"Gulf South Pipeline, LP - Huntsville, TX  (Delivery)",0,D,P,01/10/2023 06:07
12/30/2022 09:00,12/31/2022 08:59,70877,CONSOL. EDISON - (THRU 70058),0,D,P,01/10/2023 06:07
12/30/2022 09:00,12/31/2022 08:59,70878,LONG ISL. LIGHTING-(THRU70058),0,D,P,01/10/2023 06:07
12/30/2022 09:00,12/31/2022 08:59,70907,Duke Energy Ohio Inc. Millville,120,D,P,01/10/2023 06:07
12/30/2022 09:00,12/31/2022 08:59,70912,"Britanco, LLC Wilcox - Tuleta CP, Bee Co., TX",0,R,P,01/10/2023 06:07
12/30/2022 09:00,12/31/2022 08:59,70937,"Consumers Gas Co. - Omaha, IL",0,D,P,01/10/2023 06:07
12/30/2022 09:00,12/31/2022 08:59,70939,"Indiana Gas - French Lick, IN",0,D,P,01/10/2023 06:07
12/30/2022 09:00,12/31/2022 08:59,70940,"Indiana Gas Co. - Westport, IN",86,D,P,01/10/2023 06:07
12/30/2022 09:00,12/31/2022 08:59,70941,"Lawrenceburg Gas, IN",0,D,P,01/10/2023 06:07
12/30/2022 09:00,12/31/2022 08:59,70949,"Public Service - Hanover, NJ","1,107",D,P,01/10/2023 06:07
12/30/2022 09:00,12/31/2022 08:59,70953,"New Jersey Natural - Freehold, NJ",29,D,P,01/10/2023 06:07
12/30/2022 09:00,12/31/2022 08:59,70958,"Hurst - Siloam, MS",0,R,P,01/10/2023 06:07
12/30/2022 09:00,12/31/2022 08:59,70970,"NGC Energy Resources - Sligo Gas Plant, LA  (Receipt)",0,R,P,01/10/2023 06:07
12/30/2022 09:00,12/31/2022 08:59,70983,"Dominion Transmission Inc - Powhatan Point, OH",0,D,P,01/10/2023 06:07
12/30/2022 09:00,12/31/2022 08:59,70984,"Columbia Gas - New Holland, OH",0,D,P,01/10/2023 06:07
12/30/2022 09:00,12/31/2022 08:59,71000,"Gulf South Pipeline Company, LP - West Monroe, LA  (Receipt)",0,R,P,01/10/2023 06:07
12/30/2022 09:00,12/31/2022 08:59,71020,"TE Princeton - Princeton, IN",0,D,P,01/10/2023 06:07
12/30/2022 09:00,12/31/2022 08:59,71028,"Col Gas (DPL) -Bowersville, OH",0,D,P,01/10/2023 06:07
12/30/2022 09:00,12/31/2022 08:59,71043,"Union Electric - Vanduser, MO",0,D,P,01/10/2023 06:07
12/30/2022 09:00,12/31/2022 08:59,71046,"Harrisburg, AR",0,D,P,01/10/2023 06:07
12/30/2022 09:00,12/31/2022 08:59,71075,"Elizabethtown Gas Company - Perth Amboy, NJ","1,731",D,P,01/10/2023 06:07
12/30/2022 09:00,12/31/2022 08:59,71076,"New Jersey Natural - Hanover, NJ",0,D,P,01/10/2023 06:07
12/30/2022 09:00,12/31/2022 08:59,71078,"Algonquin - Hanover, NJ",0,D,P,01/10/2023 06:07
12/30/2022 09:00,12/31/2022 08:59,71081,"Community Gas - Cynthiana, IN",209,D,P,01/10/2023 06:07
12/30/2022 09:00,12/31/2022 08:59,71141,"Assoc Natural Gas - Bernie, MO",465,D,P,01/10/2023 06:07
12/30/2022 09:00,12/31/2022 08:59,71142,"Vernon Faulkner-San Salvador Field - Hidalgo Co., TX  (REC)",0,R,P,01/10/2023 06:07
12/30/2022 09:00,12/31/2022 08:59,71143,"UGI CENTRAL - Interboro Gas - Bellville, PA",410,D,P,01/10/2023 06:07
12/30/2022 09:00,12/31/2022 08:59,71144,"UGI CENTRAL - Twin Gas - Bedford, PA",128,D,P,01/10/2023 06:07
12/30/2022 09:00,12/31/2022 08:59,71170,"Midwest Nat. Gas - Medora, IN",0,D,P,01/10/2023 06:07
12/30/2022 09:00,12/31/2022 08:59,71189,"UGI CENTRAL - Valley Gas - Martinsburg, PA",79,D,P,01/10/2023 06:07
12/30/2022 09:00,12/31/2022 08:59,71190,"Poseyville, IN",93,D,P,01/10/2023 06:07
12/30/2022 09:00,12/31/2022 08:59,71196,"Public Service - Bound Brook, NJ",106,D,P,01/10/2023 06:07
12/30/2022 09:00,12/31/2022 08:59,71200,"Targa Resources - Venice, LA","6,887",R,P,01/10/2023 06:07
12/30/2022 09:00,12/31/2022 08:59,71207,"Public Service - Basking Ridge, NJ (Thru 71078)-""Bernards""",0,D,P,01/10/2023 06:07
12/30/2022 09:00,12/31/2022 08:59,71208,"Public Service - Morristown, NJ (Thru 71078)",0,D,P,01/10/2023 06:07
12/30/2022 09:00,12/31/2022 08:59,71209,"Public Service - Wanaque, NJ",618,D,P,01/10/2023 06:07
12/30/2022 09:00,12/31/2022 08:59,71210,"AGT-WANAQUE INTERCONNECT. (PASSAIC,NJ)",0,D,P,01/10/2023 06:07
12/30/2022 09:00,12/31/2022 08:59,71217,"TE - LBI Instrument Gas - Greensburg, PA",0,D,P,01/10/2023 06:07
12/30/2022 09:00,12/31/2022 08:59,71219,Columbia Gas of Pa. - York co. Pa.,0,D,P,01/10/2023 06:07
12/30/2022 09:00,12/31/2022 08:59,71220,"PECO Energy - E. Greenville, PA",326,D,P,01/10/2023 06:07
12/30/2022 09:00,12/31/2022 08:59,71221,"Mississippi Gas Corp. - Reeves, LA",5,D,P,01/10/2023 06:07
12/30/2022 09:00,12/31/2022 08:59,71240,"Enfield, IL",0,D,P,01/10/2023 06:07
12/30/2022 09:00,12/31/2022 08:59,71241,"Utica, MS",0,D,P,01/10/2023 06:07
12/30/2022 09:00,12/31/2022 08:59,71242,"Cen Il Pub Serv -Goreville, IL",0,D,P,01/10/2023 06:07
12/30/2022 09:00,12/31/2022 08:59,71256,"Liberty, KY",0,D,P,01/10/2023 06:07
12/30/2022 09:00,12/31/2022 08:59,71287,"Gas Util Dist #2 - Lottie, LA",104,D,P,01/10/2023 06:07
12/30/2022 09:00,12/31/2022 08:59,71288,"Gas Util Dist #2 - New Roads, LA",3,D,P,01/10/2023 06:07
12/30/2022 09:00,12/31/2022 08:59,71293,"Loretto, TN",0,D,P,01/10/2023 06:07
12/30/2022 09:00,12/31/2022 08:59,71297,"Weir, Choctaw Co., MS",0,D,P,01/10/2023 06:07
12/30/2022 09:00,12/31/2022 08:59,71298,"E.Tennessee Gas - Mt. Pleasant, Giles Co. TN -DEL (B/D 76298)",0,D,P,01/10/2023 06:07
12/30/2022 09:00,12/31/2022 08:59,71299,"East Tenn Gas - Hartsville, TN","8,086",D,P,01/10/2023 06:07
12/30/2022 09:00,12/31/2022 08:59,71331,"Thebes, IL",1,D,P,01/10/2023 06:07
12/30/2022 09:00,12/31/2022 08:59,71353,"Col. Gas - East Middletown, OH",0,D,P,01/10/2023 06:07
12/30/2022 09:00,12/31/2022 08:59,71362,"Jonesboro, IL",146,D,P,01/10/2023 06:07
12/30/2022 09:00,12/31/2022 08:59,71363,"Columbia Gas of  PA.  - Pleasant Gap, PA","1,770",D,P,01/10/2023 06:07
12/30/2022 09:00,12/31/2022 08:59,71365,"Cobden, IL (thru 71362)",77,D,P,01/10/2023 06:07
12/30/2022 09:00,12/31/2022 08:59,71366,"Osgood, IN",221,D,P,01/10/2023 06:07
12/30/2022 09:00,12/31/2022 08:59,71401,"United Cities - Galatia, IL",0,D,P,01/10/2023 06:07
12/30/2022 09:00,12/31/2022 08:59,71402,"Creal Springs, IL",27,D,P,01/10/2023 06:07
12/30/2022 09:00,12/31/2022 08:59,71423,"New Jersey Natural - Montville, NJ",1,D,P,01/10/2023 06:07
12/30/2022 09:00,12/31/2022 08:59,71424,"New Roads, LA",321,D,P,01/10/2023 06:07
12/30/2022 09:00,12/31/2022 08:59,71425,"Morganza, LA",47,D,P,01/10/2023 06:07
12/30/2022 09:00,12/31/2022 08:59,71426,"Mantachie Gas Dist -Fulton, MS",493,D,P,01/10/2023 06:07
12/30/2022 09:00,12/31/2022 08:59,71430,"United Cities -Nolensville, TN",0,D,P,01/10/2023 06:07
12/30/2022 09:00,12/31/2022 08:59,71435,"Cleco Energy - Chireno #1, TX  (Delivery)",0,D,P,01/10/2023 06:07
12/30/2022 09:00,12/31/2022 08:59,71436,"Cleco Energy - Chireno #2, TX  (Delivery)",0,D,P,01/10/2023 06:07
12/30/2022 09:00,12/31/2022 08:59,71438,"UGI CENTRAL - Dauphin Co. Gas - Annville, PA",741,D,P,01/10/2023 06:07
12/30/2022 09:00,12/31/2022 08:59,71439,"Indiana Gas Co. - Dubois, IN",0,D,P,01/10/2023 06:07
12/30/2022 09:00,12/31/2022 08:59,71455,"UGI CENTRAL - Huntingdon Gas - Mapleton, PA",210,D,P,01/10/2023 06:07
12/30/2022 09:00,12/31/2022 08:59,71461,"UGI UTIL (Columbia Gas) - Rich Hill, PA",284,D,P,01/10/2023 06:07
12/30/2022 09:00,12/31/2022 08:59,71463,"Tamms, IL",10,D,P,01/10/2023 06:07
12/30/2022 09:00,12/31/2022 08:59,71464,"Public Service - Hillsborough, NJ",750,D,P,01/10/2023 06:07
12/30/2022 09:00,12/31/2022 08:59,71469,"Atmos Energy Corporation - Qulin, MO",28,D,P,01/10/2023 06:07
12/30/2022 09:00,12/31/2022 08:59,71473,"Mississippi Gas - LeBlanc, LA",340,D,P,01/10/2023 06:07
12/30/2022 09:00,12/31/2022 08:59,71485,"GULF SOUTH PIPELINE COMPANY - Gillis, LA",0,D,P,01/10/2023 06:07
12/30/2022 09:00,12/31/2022 08:59,71486,"GULF SOUTH PIPELINE COMPANY - Opelousas, LA",0,R,P,01/10/2023 06:07
12/30/2022 09:00,12/31/2022 08:59,71497,"GULF SOUTH PIPELINE COMPANY, LLC - Canton, MS",0,D,P,01/10/2023 06:07
12/30/2022 09:00,12/31/2022 08:59,71503,"Henderson Petroleum Corp.-SW Lake Boeuf Lafourche Psh.,LA",0,R,P,01/10/2023 06:07
12/30/2022 09:00,12/31/2022 08:59,71512,"Cen Il Pub Serv -Broughton, IL",0,D,P,01/10/2023 06:07
12/30/2022 09:00,12/31/2022 08:59,71528,"UGI UTIL (Columbia Gas) - Lancaster, PA",425,D,P,01/10/2023 06:07
12/30/2022 09:00,12/31/2022 08:59,71616,"Col. Gas - Fairfield Co., OH",0,R,P,01/10/2023 06:07
12/30/2022 09:00,12/31/2022 08:59,71655,"Dominion Energy Transmission, Inc - South Oakford - Oakford Storag","6,465",R,P,01/10/2023 06:07
12/30/2022 09:00,12/31/2022 08:59,71671,"PEOPLES NAT - Rager Mountain, PA",0,D,P,01/10/2023 06:07
12/30/2022 09:00,12/31/2022 08:59,71682,"Philadelphia Gas Works Penrose (Eastwick)-Philadelphia, PA","1,816",D,P,01/10/2023 06:07
12/30/2022 09:00,12/31/2022 08:59,71704,"Gulf South Pipeline Company, LP - Darnell, LA  (Delivery)",0,D,P,01/10/2023 06:07
12/30/2022 09:00,12/31/2022 08:59,71706,"NorAm - Shelby Co., TX  (Receipt)",0,R,P,01/10/2023 06:07
12/30/2022 09:00,12/31/2022 08:59,71716,"Trunkline - Beauregard Psh., LA",0,R,P,01/10/2023 06:07
12/30/2022 09:00,12/31/2022 08:59,71744,"Dominion Energy Transmission, Inc - Perulack, PA",0,D,P,01/10/2023 06:07
12/30/2022 09:00,12/31/2022 08:59,71745,"Dominion Energy Transmission, Inc -Chambersburg, PA",0,D,P,01/10/2023 06:07
12/30/2022 09:00,12/31/2022 08:59,71747,"CONSOLIDATED GAS TRANSMISSION - UNIONTOWN, PA",0,D,P,01/10/2023 06:07
12/30/2022 09:00,12/31/2022 08:59,71750,"Columbia Gulf - St. Landry Psh., LA",0,R,P,01/10/2023 06:07
12/30/2022 09:00,12/31/2022 08:59,71773,"James L. Nelson - Junker, Dewitt Co., TX",0,R,P,01/10/2023 06:07
12/30/2022 09:00,12/31/2022 08:59,71814,"Alcoa-Lavaca Pipeline - Calhoun, TX  (Delivery)",0,D,P,01/10/2023 06:07
12/30/2022 09:00,12/31/2022 08:59,71841,"Ohio Intrastate Energy, LLC  (Ford) - Butler Co., OH",0,D,P,01/10/2023 06:07
12/30/2022 09:00,12/31/2022 08:59,71862,"Britanco, LLC - #1D Goree, Bee Co., TX",0,R,P,01/10/2023 06:07
12/30/2022 09:00,12/31/2022 08:59,71963,"Scorpion Oil&Gas, LLC-#1 Faulkner - Pontotoc, MS",0,R,P,01/10/2023 06:07
12/30/2022 09:00,12/31/2022 08:59,71964,"Enbridge Pipelines (East Texas) LP -Longview/Gregg Co., TX",0,R,P,01/10/2023 06:07
12/30/2022 09:00,12/31/2022 08:59,71987,"UGI UTIL - (Grantville) Hershey, PA","1,858",D,P,01/10/2023 06:07
12/30/2022 09:00,12/31/2022 08:59,71993,"Cin Gas & Elec -Butler Co., OH",0,D,P,01/10/2023 06:07
12/30/2022 09:00,12/31/2022 08:59,72004,"PECO Energy - Planebrook Chester Co., PA","2,395",D,P,01/10/2023 06:07
12/30/2022 09:00,12/31/2022 08:59,72026,"NGO (Miller) - Butler Co., OH",0,D,P,01/10/2023 06:07
12/30/2022 09:00,12/31/2022 08:59,72080,"Great Lakes Energy Partners.- #1 Tex. Gulf-Centre Co., PA",0,R,P,01/10/2023 06:07
12/30/2022 09:00,12/31/2022 08:59,72131,"Marshall Exploration - #1 Resch / Harrison Co., TX  (REC)",0,R,P,01/10/2023 06:07
12/30/2022 09:00,12/31/2022 08:59,72158,"Avery Gas - Chicksaw Co., MS",0,R,P,01/10/2023 06:07
12/30/2022 09:00,12/31/2022 08:59,72172,"Mar. Oil -Murphree -Monroe, MS",0,R,P,01/10/2023 06:07
12/30/2022 09:00,12/31/2022 08:59,72185,Dewbre Petroleum/Allen East A,0,R,P,01/10/2023 06:07
12/30/2022 09:00,12/31/2022 08:59,72187,"GULF SOUTH PIPELINE COMPANY, LP - Raceland, LA","73,000",D,P,01/10/2023 06:07
12/30/2022 09:00,12/31/2022 08:59,72190,"Kennett - Dunklin Co., MO",0,D,P,01/10/2023 06:07
12/30/2022 09:00,12/31/2022 08:59,72206,"Cypress Gas Pipeline Co.- W. Baton Rouge Psh., LA","3,293",D,P,01/10/2023 06:07
12/30/2022 09:00,12/31/2022 08:59,72210,"New Jersey Natural - Jamesburg, NJ",0,D,P,01/10/2023 06:07
12/30/2022 09:00,12/31/2022 08:59,72248,"Enterprise Texas Pipeline LLC - Lavaca County, TX  (REC)",0,R,P,01/10/2023 06:07
12/30/2022 09:00,12/31/2022 08:59,72249,"Tri-Union Dev. Corp.-#1 Wright /  Goliad County, TX  (REC)",0,R,P,01/10/2023 06:07
12/30/2022 09:00,12/31/2022 08:59,72263,"Public Service - Woodbridge,NJ","1,163",D,P,01/10/2023 06:07
12/30/2022 09:00,12/31/2022 08:59,72266,"Gulf Coast Pipeline Company - #1 Minarcik/ Colorado Co., TX",0,R,P,01/10/2023 06:07
12/30/2022 09:00,12/31/2022 08:59,72295,"Vernon E. Faulconer, Inc.- #1 Stewart, Kenedy Co., TX (REC)",0,R,P,01/10/2023 06:07
12/30/2022 09:00,12/31/2022 08:59,72307,"Jeems Bayou - #1 Calhoun /  Desoto Psh., LA",0,R,P,01/10/2023 06:07
12/30/2022 09:00,12/31/2022 08:59,72319,"Energy XXI GOM, LLC-SP 93",0,R,P,01/10/2023 06:07
12/30/2022 09:00,12/31/2022 08:59,72337,"Scorpion Oil&Gas, LLC",0,R,P,01/10/2023 06:07
12/30/2022 09:00,12/31/2022 08:59,72367,"Miss. Valley Gas - Hinds Co., MS",43,D,P,01/10/2023 06:07
12/30/2022 09:00,12/31/2022 08:59,72377,"Seneca Resources - #1 Garza, Hidalgo Co., TX",0,R,P,01/10/2023 06:07
12/30/2022 09:00,12/31/2022 08:59,72382,"Houston Pipe Line Co.-Enerfin Lyondell Sys./ Harris Co., TX",0,D,P,01/10/2023 06:07
12/30/2022 09:00,12/31/2022 08:59,72395,"Entergy Sabine Power Station - Orange Co., TX","20,000",D,P,01/10/2023 06:07
12/30/2022 09:00,12/31/2022 08:59,72405,"PECO Energy - Hatfield, PA","3,238",D,P,01/10/2023 06:07
12/30/2022 09:00,12/31/2022 08:59,72428,"Somerset Gas - Casey Co., KY",0,R,P,01/10/2023 06:07
12/30/2022 09:00,12/31/2022 08:59,72451,"Wilmar Pipeline, Inc.  - #1 Duncan Slough, Matagorda Co., TX",0,R,P,01/10/2023 06:07
12/30/2022 09:00,12/31/2022 08:59,72458,"Tracy Production Co. - #1 Fulton Fuller, Nacogdoches Co., TX",0,R,P,01/10/2023 06:07
12/30/2022 09:00,12/31/2022 08:59,72499,"Noram - Bald Knob - White, AR",0,R,P,01/10/2023 06:07
12/30/2022 09:00,12/31/2022 08:59,72514,"Gibraltar Energy Company - Clay Co., MS",0,R,P,01/10/2023 06:07
12/30/2022 09:00,12/31/2022 08:59,72525,"Howell Oil & Gas, Inc. - Gooch-Gant Fields CP, Harrison Co.,TX",0,R,P,01/10/2023 06:07
12/30/2022 09:00,12/31/2022 08:59,72533,"T & F Exploration, LP., MM - Somerset Co., PA",0,D,P,01/10/2023 06:07
12/30/2022 09:00,12/31/2022 08:59,72536,"Kentucky Energy - Metcalfe, KY",0,D,P,01/10/2023 06:07
12/30/2022 09:00,12/31/2022 08:59,72566,"American Midstream  Tenn Intrastate - Colbert Co., AL","10,769",D,P,01/10/2023 06:07
12/30/2022 09:00,12/31/2022 08:59,72568,"Enable Gas Transmission - West Monroe, LA",0,R,P,01/10/2023 06:07
12/30/2022 09:00,12/31/2022 08:59,72571,"UGI UTIL (Columbia Gas) - Bally, PA","1,607",D,P,01/10/2023 06:07
12/30/2022 09:00,12/31/2022 08:59,72580,"Southcross Mississippi Pipeline, LP- Hinds, MS - DEL (B/D 76580)","25,400",D,P,01/10/2023 06:07
12/30/2022 09:00,12/31/2022 08:59,72587,"NRG - Big Cajun Electric, Coupee Psh., LA",0,D,P,01/10/2023 06:07
12/30/2022 09:00,12/31/2022 08:59,72594,"MHT -Energy Mktg. -Monroe, MS",0,R,P,01/10/2023 06:07
12/30/2022 09:00,12/31/2022 08:59,72597,"Arkla -McRae Junct. -White, AR",33,D,P,01/10/2023 06:07
12/30/2022 09:00,12/31/2022 08:59,72601,"Enterprise Texas Pipeline LLC - Matagorda County, TX  (REC)",0,R,P,01/10/2023 06:07
12/30/2022 09:00,12/31/2022 08:59,72603,"Kinder Morgan Tejas (from TE) upRiver Rd., Nueces Co",0,D,P,01/10/2023 06:07
12/30/2022 09:00,12/31/2022 08:59,72604,"Entergy Louisiana,LLC Beauregard Psh., LA","6,000",D,P,01/10/2023 06:07
12/30/2022 09:00,12/31/2022 08:59,72614,"Transok - Ouachita Psh., LA",0,R,P,01/10/2023 06:07
12/30/2022 09:00,12/31/2022 08:59,72616,"Cantium, LLC - MP 30",0,R,P,01/10/2023 06:07
12/30/2022 09:00,12/31/2022 08:59,72621,"Williams Field Services  - Duval Co., TX",0,R,P,01/10/2023 06:07
12/30/2022 09:00,12/31/2022 08:59,72636,"PECO Energy - Montgomery Co., PA","3,166",D,P,01/10/2023 06:07
12/30/2022 09:00,12/31/2022 08:59,72637,Columbia Gas - Pickaway Co. OH,0,D,P,01/10/2023 06:07
12/30/2022 09:00,12/31/2022 08:59,72648,"So. Ind. Gas & El. -Posey, IN",4,D,P,01/10/2023 06:07
12/30/2022 09:00,12/31/2022 08:59,72649,"Sun R&M - Philadelphia Co., PA",0,D,P,01/10/2023 06:07
12/30/2022 09:00,12/31/2022 08:59,72654,"BlueStone Natural Resources, LLC- Bonne Terre Field, McMullen Co.,",0,R,P,01/10/2023 06:07
12/30/2022 09:00,12/31/2022 08:59,72664,"Itawamba Gas -Itawamba Co., MS",0,D,P,01/10/2023 06:07
12/30/2022 09:00,12/31/2022 08:59,72668,"United Gas & Minerals - #1 Goff, Wharton County, TX",0,R,P,01/10/2023 06:07
12/30/2022 09:00,12/31/2022 08:59,72672,"Lebanon #2 - Wilson Co., TN",0,D,P,01/10/2023 06:07
12/30/2022 09:00,12/31/2022 08:59,72692,"Associated Natural Gas Inc. - Wilkinson Co., MS",0,R,P,01/10/2023 06:07
12/30/2022 09:00,12/31/2022 08:59,72694,"NCL Natural Resources, LLC (Eastern States Expl)- Centre Co., PA",0,R,P,01/10/2023 06:07
12/30/2022 09:00,12/31/2022 08:59,72697,"Odegard Energy - Chickasaw, MS",0,R,P,01/10/2023 06:07
12/30/2022 09:00,12/31/2022 08:59,72718,Smith Oper. (Harvey Broyle M.P. 0.00) - Bienville Psh. La,0,R,P,01/10/2023 06:07
12/30/2022 09:00,12/31/2022 08:59,72744,"Rio Grande Royalty Co., Inc. - Rio Grande #1/Hidalgo Co., TX",0,R,P,01/10/2023 06:07
12/30/2022 09:00,12/31/2022 08:59,72745,"PECO Energy - Collegeville, PA.","1,913",D,P,01/10/2023 06:07
12/30/2022 09:00,12/31/2022 08:59,72764,"NGPL Sweet Lake - Cameron Psh., LA",0,R,P,01/10/2023 06:07
12/30/2022 09:00,12/31/2022 08:59,72798,"Hamilton, OH",456,D,P,01/10/2023 06:07
12/30/2022 09:00,12/31/2022 08:59,72824,"Mid Louisiana - W. Feleciana Psh., LA","7,977",D,P,01/10/2023 06:07
12/30/2022 09:00,12/31/2022 08:59,72827,"City Of Fulton - Itawamba Co., MS",0,D,P,01/10/2023 06:07
12/30/2022 09:00,12/31/2022 08:59,72828,"RBS Gas Util. - Macon Co., TN",0,D,P,01/10/2023 06:07
12/30/2022 09:00,12/31/2022 08:59,72831,Northstar Offshore- South Pass 86,0,R,P,01/10/2023 06:07
12/30/2022 09:00,12/31/2022 08:59,72834,"Talon Energy LLC-Paul T Ray - LaFourche Psh., LA",0,R,P,01/10/2023 06:07
12/30/2022 09:00,12/31/2022 08:59,72848,"Ozark Gas - Greene Co., AR",0,R,P,01/10/2023 06:07
12/30/2022 09:00,12/31/2022 08:59,72849,"ENI Petroleum US LLC - 365 MC, LA","24,570",R,P,01/10/2023 06:07
12/30/2022 09:00,12/31/2022 08:59,72855,"N.J. Natural - Heater Fuel, Jamesburg, NJ",0,D,P,01/10/2023 06:07
12/30/2022 09:00,12/31/2022 08:59,72856,"Onalaska Water & Gas Corporation - Polk County, TX",0,D,P,01/10/2023 06:07
12/30/2022 09:00,12/31/2022 08:59,72857,"Exchange Oil & Gas - Wilkinson Co., MS",0,R,P,01/10/2023 06:07
12/30/2022 09:00,12/31/2022 08:59,72863,"Delmarva Power & Light - New Castle, DE (Ultra Sonic Mtrs)",107,D,P,01/10/2023 06:07
12/30/2022 09:00,12/31/2022 08:59,72871,"NorAm -  Bodcaw, AR",35,D,P,01/10/2023 06:07
12/30/2022 09:00,12/31/2022 08:59,72874,"St. Joseph - Lawrence Co., TN",0,D,P,01/10/2023 06:07
12/30/2022 09:00,12/31/2022 08:59,72877,"Denbury Onshore, LLC",854,D,P,01/10/2023 06:07
12/30/2022 09:00,12/31/2022 08:59,72890,"Louisiana Intrastate Gas - Iberville Psh., LA (DEL)",0,D,P,01/10/2023 06:07
12/30/2022 09:00,12/31/2022 08:59,72892,"Enterprise Texas Pipeline, LLC - Panola County, TX (REC)",0,R,P,01/10/2023 06:07
12/30/2022 09:00,12/31/2022 08:59,72903,ANR - Glen Karn - (72903),0,R,P,01/10/2023 06:07
12/30/2022 09:00,12/31/2022 08:59,72904,"Vectren Ohio - Glen Karn, OH (PEPL 02831)",0,D,P,01/10/2023 06:07
12/30/2022 09:00,12/31/2022 08:59,72906,"Dayton Pwr. & Lt. -Castine, OH",0,D,P,01/10/2023 06:07
12/30/2022 09:00,12/31/2022 08:59,72908,"Duke Energy Ohio Inc. Springboro, Franklin, OH",0,D,P,01/10/2023 06:07
12/30/2022 09:00,12/31/2022 08:59,72909,"Dayton Pwr & Lt - Red Lion, OH",0,D,P,01/10/2023 06:07
12/30/2022 09:00,12/31/2022 08:59,72910,"Gas Chrom @ CW-DTI (I-O) & LEBANON, OH - (72910)",0,D,P,01/10/2023 06:07
12/30/2022 09:00,12/31/2022 08:59,72911,"Col. Gas (I-O) & Lebanon, OH",0,D,P,01/10/2023 06:07
12/30/2022 09:00,12/31/2022 08:59,72926,"Kent. Util. - Garrard Co., KY",0,D,P,01/10/2023 06:07
12/30/2022 09:00,12/31/2022 08:59,72930,"PECO Energy - Eddystone, Delaware Co., PA",13,D,P,01/10/2023 06:07
12/30/2022 09:00,12/31/2022 08:59,72936,"Chandeleur Pipe Line Co. (Cantium, LLC) - MP 41L",0,R,P,01/10/2023 06:07
12/30/2022 09:00,12/31/2022 08:59,72942,"Columbia Gas (N.W.L. Corp.) - Fayette Co., PA",0,D,P,01/10/2023 06:07
12/30/2022 09:00,12/31/2022 08:59,72944,"Public Service - Jamesburg - Middlesex Co., NJ",775,D,P,01/10/2023 06:07
12/30/2022 09:00,12/31/2022 08:59,72950,"Aptian Gas Corp., K.W. Schreiner #1 - Live Oak Co., TX",0,R,P,01/10/2023 06:07
12/30/2022 09:00,12/31/2022 08:59,72956,"Mid Tn Gas Dist - Wilson, TN",0,D,P,01/10/2023 06:07
12/30/2022 09:00,12/31/2022 08:59,72963,"Auburn Enterprises - Kerlick #1, Dewitt, TX",0,R,P,01/10/2023 06:07
12/30/2022 09:00,12/31/2022 08:59,72964,"Elliot Oil & Gas, Browder #C-1, San Jacinto Co., TX (REC)",0,R,P,01/10/2023 06:07
12/30/2022 09:00,12/31/2022 08:59,72967,"Atmos Energy -Monroe, MS",0,D,P,01/10/2023 06:07
12/30/2022 09:00,12/31/2022 08:59,72972,Walter Oil & Gas - WD 106,"5,232",R,P,01/10/2023 06:07
12/30/2022 09:00,12/31/2022 08:59,72979,"PECO - Doylestown, Bucks Co., PA","1,735",D,P,01/10/2023 06:07
12/30/2022 09:00,12/31/2022 08:59,72990,"MVG - Madison Co., MS",109,D,P,01/10/2023 06:07
12/30/2022 09:00,12/31/2022 08:59,72996,"Edmonton #2 - Metcalfe Co., KY",0,D,P,01/10/2023 06:07
12/30/2022 09:00,12/31/2022 08:59,72999,"American Explorer - Shore Oil #1 - Lafourche Psh., La",0,R,P,01/10/2023 06:07
12/30/2022 09:00,12/31/2022 08:59,73023,"UGI UTIL - Mt. Pleasant, Berks Co. , PA",152,D,P,01/10/2023 06:07
12/30/2022 09:00,12/31/2022 08:59,73025,"Atmos Energy, TN (B/D 76025)",0,D,P,01/10/2023 06:07
12/30/2022 09:00,12/31/2022 08:59,73037,"Mississippi Valley - Clay Co., MS",0,D,P,01/10/2023 06:07
12/30/2022 09:00,12/31/2022 08:59,73041,"Four Square Gas Co., Inc. (Chireno #3) -  Shelby Co., TX",0,D,P,01/10/2023 06:07
12/30/2022 09:00,12/31/2022 08:59,73060,"PGW - Harkness Point - Philadelphia, PA",0,D,P,01/10/2023 06:07
12/30/2022 09:00,12/31/2022 08:59,73062,"Elizabethtown Gas Company - Union Co., NJ","5,291",D,P,01/10/2023 06:07
12/30/2022 09:00,12/31/2022 08:59,73070,"Centana Gathering Co. MP 225,LA",0,R,P,01/10/2023 06:07
12/30/2022 09:00,12/31/2022 08:59,73071,Noble - VK 826,0,R,P,01/10/2023 06:07
12/30/2022 09:00,12/31/2022 08:59,73073,"Shell Offshore , WD 143, - LAO",0,R,P,01/10/2023 06:07
12/30/2022 09:00,12/31/2022 08:59,73076,"Atmos Energy - Columbia, TN",0,D,P,01/10/2023 06:07
12/30/2022 09:00,12/31/2022 08:59,73079,"Smyrna #3 - Rutherford Co., TN",0,D,P,01/10/2023 06:07
12/30/2022 09:00,12/31/2022 08:59,73090,Venice-Delivery into Plant,0,D,P,01/10/2023 06:07
12/30/2022 09:00,12/31/2022 08:59,73096,"Interstate Energy Company (I.E.C.) - Bucks Co., PA",0,D,P,01/10/2023 06:07
12/30/2022 09:00,12/31/2022 08:59,73105,"Dayton Pwr & Lt - Clinton, OH","1,451",D,P,01/10/2023 06:07
12/30/2022 09:00,12/31/2022 08:59,73106,Federal Bureau of Prison - Yazoo Co. MS,311,D,P,01/10/2023 06:07
12/30/2022 09:00,12/31/2022 08:59,73107,"Horton Hwy Dist #2 - Maury, TN",0,D,P,01/10/2023 06:07
12/30/2022 09:00,12/31/2022 08:59,73109,"Red Bay #2, Franklin Co. Al.","1,013",D,P,01/10/2023 06:07
12/30/2022 09:00,12/31/2022 08:59,73110,"Great Lake Energy - Fayette Co.,PA",0,R,P,01/10/2023 06:07
12/30/2022 09:00,12/31/2022 08:59,73113,"Enterprise Texas Pipeline LLC - Hidalgo County, TX",0,R,P,01/10/2023 06:07
12/30/2022 09:00,12/31/2022 08:59,73127,Paulsboro Refinery,0,D,P,01/10/2023 06:07
12/30/2022 09:00,12/31/2022 08:59,73131,"Delta Nat Gas - Madison Co, KY",161,D,P,01/10/2023 06:07
12/30/2022 09:00,12/31/2022 08:59,73136,"PECO Energy - MONTGOMERY CO., PA (Center Point)",975,D,P,01/10/2023 06:07
12/30/2022 09:00,12/31/2022 08:59,73139,"DCP Midstream, LP- #1 Diebel, Goliad CO., TX",0,R,P,01/10/2023 06:07
12/30/2022 09:00,12/31/2022 08:59,73141,"MISSISSIPPI CHEMICAL - Yazoo City, MS",0,D,P,01/10/2023 06:07
12/30/2022 09:00,12/31/2022 08:59,73147,"Centana Intrastate Pipeline Co. - Orange Co., TX",0,R,P,01/10/2023 06:07
12/30/2022 09:00,12/31/2022 08:59,73150,Arkla - Pulaski Co. AR.,0,D,P,01/10/2023 06:07
12/30/2022 09:00,12/31/2022 08:59,73152,COL GAS-WAYNESBURG - (73152),0,R,P,01/10/2023 06:07
12/30/2022 09:00,12/31/2022 08:59,73153,"PECO -- Brookhaven, PA",597,D,P,01/10/2023 06:07
12/30/2022 09:00,12/31/2022 08:59,73154,"Peco Energy Company - Hershey Mills, Chester Co., PA","1,921",D,P,01/10/2023 06:07
12/30/2022 09:00,12/31/2022 08:59,73157,"UGI CENTRAL - Penn Fuel - McConnellsburg, Fulton Co., PA",22,D,P,01/10/2023 06:07
12/30/2022 09:00,12/31/2022 08:59,73159,"Lafayette #2 - Macon Co., TN",0,D,P,01/10/2023 06:07
12/30/2022 09:00,12/31/2022 08:59,73161,"Clay Gas Util. - Monroe Co, KY",250,D,P,01/10/2023 06:07
12/30/2022 09:00,12/31/2022 08:59,73164,"DCP Midstream, LP - Goliad Co., TX",0,R,P,01/10/2023 06:07
12/30/2022 09:00,12/31/2022 08:59,73165,"SANCHEZ O'BRIEN-BODDEN FROST, LIVE OAK CO., TX",0,R,P,01/10/2023 06:07
12/30/2022 09:00,12/31/2022 08:59,73168,"Willamette Industries -  Bienville Parish, LA",0,D,P,01/10/2023 06:07
12/30/2022 09:00,12/31/2022 08:59,73170,"AK Steel - Warren Co., OH",0,D,P,01/10/2023 06:07
12/30/2022 09:00,12/31/2022 08:59,73171,"East Cape Girardeau, IL",24,D,P,01/10/2023 06:07
12/30/2022 09:00,12/31/2022 08:59,73180,"Bluestone - Hidalgo Co., TX",0,R,P,01/10/2023 06:07
12/30/2022 09:00,12/31/2022 08:59,73187,"Elizabethtown Gas Company - Linden, NJ",491,D,P,01/10/2023 06:07
12/30/2022 09:00,12/31/2022 08:59,73191,"St Francis Pwr Plt -Dunkin, MO",0,D,P,01/10/2023 06:07
12/30/2022 09:00,12/31/2022 08:59,73193,"Miss Riv Trans - Stoddard, MO",0,D,P,01/10/2023 06:07
12/30/2022 09:00,12/31/2022 08:59,73195,"Col. Gas - Montgomery Co., KY",0,R,P,01/10/2023 06:07
12/30/2022 09:00,12/31/2022 08:59,73196,"Delta Nat Gas -Madison Co., KY",0,D,P,01/10/2023 06:07
12/30/2022 09:00,12/31/2022 08:59,73198,"Tenn. Gas P/L - Casey Co., KY",0,R,P,01/10/2023 06:07
12/30/2022 09:00,12/31/2022 08:59,73199,"DCP Midstream, LP - Bee Co., TX",0,R,P,01/10/2023 06:07
12/30/2022 09:00,12/31/2022 08:59,73200,Columbia Gas - Franklin Co. PA (Delivery),923,D,P,01/10/2023 06:07
12/30/2022 09:00,12/31/2022 08:59,73205,"Middle Tn Nat Gas -Wilson, TN",0,D,P,01/10/2023 06:07
12/30/2022 09:00,12/31/2022 08:59,73207,"AECI Plant Sto - Essex Pwr Plt -Stoddard Co, MO",0,D,P,01/10/2023 06:07
12/30/2022 09:00,12/31/2022 08:59,73210,"Gas Chromatograph @ 73210 Great Lake Energy - Fayette Co., PA. - (",0,R,P,01/10/2023 06:07
12/30/2022 09:00,12/31/2022 08:59,73211,"WEIR (NEEL-SCHAFFER) - CHOCTAW CO., MS.",0,D,P,01/10/2023 06:07
12/30/2022 09:00,12/31/2022 08:59,73212,"PECO - EAGLE, CHESTER CO., PA. (del)","1,011",D,P,01/10/2023 06:07
12/30/2022 09:00,12/31/2022 08:59,73214,"DEFS - Pettus, Bee Co., TX",0,R,P,01/10/2023 06:07
12/30/2022 09:00,12/31/2022 08:59,73216,"Town of Shannon - Monroe Co., MS",138,D,P,01/10/2023 06:07
12/30/2022 09:00,12/31/2022 08:59,73219,"FINA - Georgia Pacific #1, Oktibbeha Co., MS",0,R,P,01/10/2023 06:07
12/30/2022 09:00,12/31/2022 08:59,73225,"Nat'l Gas  -Perry Co., OH",0,D,P,01/10/2023 06:07
12/30/2022 09:00,12/31/2022 08:59,73226,"Jonesboro City, Water & Light - Greene, AR",0,D,P,01/10/2023 06:07
12/30/2022 09:00,12/31/2022 08:59,73233,Duke Energy Indiana,0,D,P,01/10/2023 06:07
12/30/2022 09:00,12/31/2022 08:59,73235,"National Energy & Trad. - W. Feliciana Psh, LA.",0,D,P,01/10/2023 06:07
12/30/2022 09:00,12/31/2022 08:59,73238,"MISS VALLEY GAS #2 - HINDS CO., MS.",0,D,P,01/10/2023 06:07
12/30/2022 09:00,12/31/2022 08:59,73239,"Talen Energy Marketing, LLC - (Ironwood) Lebanon Co., PA.",0,D,P,01/10/2023 06:07
12/30/2022 09:00,12/31/2022 08:59,73242,"Coastal Oil & Gas - Pawlik #1, Live Oak Co., Tx",0,R,P,01/10/2023 06:07
12/30/2022 09:00,12/31/2022 08:59,73247,"COLUMBIA UTILITIES - ADAIR CO., KY",26,D,P,01/10/2023 06:07
12/30/2022 09:00,12/31/2022 08:59,73249,"Entergy - Lewis Creek / Montgomery County, TX",0,D,P,01/10/2023 06:07
12/30/2022 09:00,12/31/2022 08:59,73251,Attala Generating Company  LLC (DEL),0,D,P,01/10/2023 06:07
12/30/2022 09:00,12/31/2022 08:59,73252,Hinds Power Plant,0,D,P,01/10/2023 06:07
12/30/2022 09:00,12/31/2022 08:59,73253,"ETC Texas Pipeline, LTD-Henderson #1 / Nacogdoches Co., TX (REC)",0,R,P,01/10/2023 06:07
12/30/2022 09:00,12/31/2022 08:59,73256,"FINA - LOVE HILL GATHERING - OKTIBBEHA CO., MS",0,R,P,01/10/2023 06:07
12/30/2022 09:00,12/31/2022 08:59,73257,"Knox Energy Cooperative Association, Inc.",0,D,P,01/10/2023 06:07
12/30/2022 09:00,12/31/2022 08:59,73263,"Duke Energy Vermillion II, LLC",0,R,P,01/10/2023 06:07
12/30/2022 09:00,12/31/2022 08:59,73269,Farmersville-Derby Delivery - (73269),0,D,P,01/10/2023 06:07
12/30/2022 09:00,12/31/2022 08:59,73270,Farmersville-Tait - (73270),0,D,P,01/10/2023 06:07
12/30/2022 09:00,12/31/2022 08:59,73275,Sonerra Resources - Melrose Gathering (Kendrick #1-H) (REC),0,R,P,01/10/2023 06:07
12/30/2022 09:00,12/31/2022 08:59,73276,"Hurd Enterprises - Luker #2, Goliad Co., TX (REC)",0,R,P,01/10/2023 06:07
12/30/2022 09:00,12/31/2022 08:59,73280,Duke Energy Kentucky,0,D,P,01/10/2023 06:07
12/30/2022 09:00,12/31/2022 08:59,73282,"Sonerra Resources - Mountain West, Nacog. Co., TX (REC)",0,R,P,01/10/2023 06:07
12/30/2022 09:00,12/31/2022 08:59,73283,"Union Petroleum, LTD (Line 16LL) - Brazoria Co., TX",0,R,P,01/10/2023 06:07
12/30/2022 09:00,12/31/2022 08:59,73294,"Dynegy- Ontelaunee, PA",0,D,P,01/10/2023 06:07
12/30/2022 09:00,12/31/2022 08:59,73295,"HEC PETROLEUM-FULTON FULLER #1, NACOG. CO., TX (REC)",0,R,P,01/10/2023 06:07
12/30/2022 09:00,12/31/2022 08:59,73297,"Dynegy Washington II, LLC",0,D,P,01/10/2023 06:07
12/30/2022 09:00,12/31/2022 08:59,73298,"Cottonwood Energy Company, LP - Newton Co., TX",0,D,P,01/10/2023 06:07
12/30/2022 09:00,12/31/2022 08:59,73304,"Alleghney Energy, Chambersburg-Franklin Co., PA (Del)",0,D,P,01/10/2023 06:07
12/30/2022 09:00,12/31/2022 08:59,73306,RELIANT PWR PLT - PA - (73306),0,D,P,01/10/2023 06:07
12/30/2022 09:00,12/31/2022 08:59,73310,"South Shore P/L (NE&T), Nueces Co., TX",0,D,P,01/10/2023 06:07
12/30/2022 09:00,12/31/2022 08:59,73316,"Headington Oil-Hutchins Pearson #1-Wharton Co., TX   (REC)",0,R,P,01/10/2023 06:07
12/30/2022 09:00,12/31/2022 08:59,73318,LIBERTY ELEC-DEL.PA. - (73318),0,D,P,01/10/2023 06:07
12/30/2022 09:00,12/31/2022 08:59,73325,ROLLING HILLS GENERATING LLC - (73325),0,D,P,01/10/2023 06:07
12/30/2022 09:00,12/31/2022 08:59,73328,"Petrochem Operating / Lott #1 - Bossier Parish, LA (REC)",0,R,P,01/10/2023 06:07
12/30/2022 09:00,12/31/2022 08:59,73329,"CGT/NiSource-KY - Clark Co., KY",0,D,P,01/10/2023 06:07
12/30/2022 09:00,12/31/2022 08:59,73334,"WATERFORD PLANT - WASHINGTON CO., OH",0,D,P,01/10/2023 06:07
12/30/2022 09:00,12/31/2022 08:59,73338,SantosUSA Corp,0,R,P,01/10/2023 06:07
12/30/2022 09:00,12/31/2022 08:59,73339,"Entergy Mississippi, LLC-Choctaw Co., MS",0,D,P,01/10/2023 06:07
12/30/2022 09:00,12/31/2022 08:59,73341,"CIMA Energy LTD - Gath. System / Dewitt Co., TX  (REC)",0,R,P,01/10/2023 06:07
12/30/2022 09:00,12/31/2022 08:59,73346,"Dynegy Fayette ll, LLC  (Dynegy Faye)",0,D,P,01/10/2023 06:07
12/30/2022 09:00,12/31/2022 08:59,73348,"TREMONT DELIVERY, ITAWAMBA CO., MS",0,D,P,01/10/2023 06:07
12/30/2022 09:00,12/31/2022 08:59,73349,"Dynegy Hanging Rock II, LLC",0,D,P,01/10/2023 06:07
12/30/2022 09:00,12/31/2022 08:59,73350,CANTON MUNICIPAL UTILITIES,0,D,P,01/10/2023 06:07
12/30/2022 09:00,12/31/2022 08:59,73355,"GRAYSON HILL FARMS-METHANE POWER-SALINE CO., IL",0,R,P,01/10/2023 06:07
12/30/2022 09:00,12/31/2022 08:59,73362,"Suemaur E&P-Pedraza #1 - Hidalgo Co., TX (REC)",0,R,P,01/10/2023 06:07
12/30/2022 09:00,12/31/2022 08:59,73379,"East Kentucky Power Co-op-Clark Co., KY",0,D,P,01/10/2023 06:07
12/30/2022 09:00,12/31/2022 08:59,73388,"Montgomery Gas Transmission, Inc. - Montgomery Co., TX (DEL)",0,D,P,01/10/2023 06:07
12/30/2022 09:00,12/31/2022 08:59,73391,"Arcadia Operating,LLC- Golden Miner #1 / San Jacinto Co., TX (REC)",0,R,P,01/10/2023 06:07
12/30/2022 09:00,12/31/2022 08:59,73399,"FFA Petroleum-Kramer Gathering, Jackson Co., TX",0,R,P,01/10/2023 06:07
12/30/2022 09:00,12/31/2022 08:59,73402,"Great Lakes(Voytek) Energy Interconnect-Fayette Co., PA",0,R,P,01/10/2023 06:07
12/30/2022 09:00,12/31/2022 08:59,73407,"Chesapeake Operating Inc-Ankenmen Gathering, Brazoria Co., TX",0,R,P,01/10/2023 06:07
12/30/2022 09:00,12/31/2022 08:59,73409,"Fossil Resources - Brown #1H / Nacogdoches Co., TX",0,R,P,01/10/2023 06:07
12/30/2022 09:00,12/31/2022 08:59,73410,"Centerpoint Energy-Gathering System, Shelby Co., TX (REC)",0,R,P,01/10/2023 06:07
12/30/2022 09:00,12/31/2022 08:59,73411,"Discovery/Transco Delivery, LaFourche Parish, LA",0,D,P,01/10/2023 06:07
12/30/2022 09:00,12/31/2022 08:59,73413,TENNESSEE GAS P/L - HANGING ROCK LATERAL,0,R,P,01/10/2023 06:07
12/30/2022 09:00,12/31/2022 08:59,73414,"Hesco - Denali Gathering / Hidalgo Co., TX (REC)",0,R,P,01/10/2023 06:07
12/30/2022 09:00,12/31/2022 08:59,73417,"Copano Processing - Houston Central / Colorado Co., TX (REC)","1,102",R,P,01/10/2023 06:07
12/30/2022 09:00,12/31/2022 08:59,73423,Piedmont Natural Gas - Rutherford,0,D,P,01/10/2023 06:07
12/30/2022 09:00,12/31/2022 08:59,73424,"Great Lakes Energy - Layman Gathering/Westmoreland, PA.",0,R,P,01/10/2023 06:07
12/30/2022 09:00,12/31/2022 08:59,73432,Houston Pipeline Vidor,"13,375",R,P,01/10/2023 06:07
12/30/2022 09:00,12/31/2022 08:59,73445,"Vessels Coal - Gathering System - Saline Co., IL (REC)",0,R,P,01/10/2023 06:07
12/30/2022 09:00,12/31/2022 08:59,73449,"Atlas America-Fayette, CO., PA - (73449)",0,R,P,01/10/2023 06:07
12/30/2022 09:00,12/31/2022 08:59,73452,"DEFS/Southern Resources Gath. - Bee Co., TX (REC)",0,R,P,01/10/2023 06:07
12/30/2022 09:00,12/31/2022 08:59,73454,"Kaler Energy-Carpenter #1/Bee Co., TX (REC)",0,R,P,01/10/2023 06:07
12/30/2022 09:00,12/31/2022 08:59,73455,"McBee Operating Company, LLC-Rippy #1 Nacog. Co., TX (REC)",0,R,P,01/10/2023 06:07
12/30/2022 09:00,12/31/2022 08:59,73456,"XTO Energy - Anico #4 - Polk Co., TX (REC)",0,R,P,01/10/2023 06:07
12/30/2022 09:00,12/31/2022 08:59,73461,"Universal Natural Gas/Interconnect - Montgomery Co., TX (DEL)",0,D,P,01/10/2023 06:07
12/30/2022 09:00,12/31/2022 08:59,73465,"Greylock Pipeline, LLC, Jefferson IC  PA",0,R,P,01/10/2023 06:07
12/30/2022 09:00,12/31/2022 08:59,73466,Alliance Petroleum Corp - Nicholson Field Interconnect - PA. - (73,0,R,P,01/10/2023 06:07
12/30/2022 09:00,12/31/2022 08:59,73469,"Discovery-LaRose Station Interconnect, Lafourche Psh., LA","60,800",D,P,01/10/2023 06:07
12/30/2022 09:00,12/31/2022 08:59,73482,"MAGNUM LP - Chicolete Creek - Lavaca Co., TX (REC)",0,R,P,01/10/2023 06:07
12/30/2022 09:00,12/31/2022 08:59,73490,"Dominion E&P - Brown Gathering-Orange Co., TX",0,R,P,01/10/2023 06:07
12/30/2022 09:00,12/31/2022 08:59,73491,"Rovig Mineral-Lake Boeuf Field,LaFourche Parish, LA",0,R,P,01/10/2023 06:07
12/30/2022 09:00,12/31/2022 08:59,73502,"Buffco Production, Inc - Oak Hill Cotton Valley",0,R,P,01/10/2023 06:07
12/30/2022 09:00,12/31/2022 08:59,73504,"Walter Oil & Gas-Kasman Gathering -  Matagorda Co., TX",0,R,P,01/10/2023 06:07
12/30/2022 09:00,12/31/2022 08:59,73505,DESF-Angel City Gathering-Goliad Co. TX,0,R,P,01/10/2023 06:07
12/30/2022 09:00,12/31/2022 08:59,73507,"PECO- Skippack Delivery - Montgomery, PA.","1,382",D,P,01/10/2023 06:07
12/30/2022 09:00,12/31/2022 08:59,73508,"Atmos Energy/Roxie-Fayette Delivery-Franklin Co., MS",235,D,P,01/10/2023 06:07
12/30/2022 09:00,12/31/2022 08:59,73512,"CNX Gas Co. LLC - Green Hill Field - Greene C0., PA",0,R,P,01/10/2023 06:07
12/30/2022 09:00,12/31/2022 08:59,73515,"Palmer Petroleum Inc.-Lumber Gathering - Angelina Co., TX",0,R,P,01/10/2023 06:07
12/30/2022 09:00,12/31/2022 08:59,73517,"Encana O&G Inc. - Green Gathering - Nacogdoches Co.,TX",0,R,P,01/10/2023 06:07
12/30/2022 09:00,12/31/2022 08:59,73526,Public Service - Bound Brook - Heater Fuel,0,D,P,01/10/2023 06:07
12/30/2022 09:00,12/31/2022 08:59,73539,"NET LP - Monument Pipeline - Harris County, TX",0,D,P,01/10/2023 06:07
12/30/2022 09:00,12/31/2022 08:59,73542,"Blackhawk Energy, LLC -  Entriken Interconnect, PA",0,R,P,01/10/2023 06:07
12/30/2022 09:00,12/31/2022 08:59,73543,Alliance Petroleum Corp - East Wheatfield Interconnect - Cambria C,0,R,P,01/10/2023 06:07
12/30/2022 09:00,12/31/2022 08:59,73546,"Sheridan Holding Company III,LLC-Shelby Gathering-Shelby Co., TX",0,R,P,01/10/2023 06:07
12/30/2022 09:00,12/31/2022 08:59,73549,"Noble Energy-Oliver Creek-Shelby Co., TX",0,R,P,01/10/2023 06:07
12/30/2022 09:00,12/31/2022 08:59,73556,"Golden Pass Pipeline - Calcasieu Parish,  LA",0,R,P,01/10/2023 06:07
12/30/2022 09:00,12/31/2022 08:59,73560,Gulf South Hinds/Raymond,0,R,P,01/10/2023 06:07
12/30/2022 09:00,12/31/2022 08:59,73561,"Compressed Energy Systems LLC  - Saline Co., IL",0,R,P,01/10/2023 06:07
12/30/2022 09:00,12/31/2022 08:59,73564,"Tanos Exploration II,LLC/Parmer Gathering",0,R,P,01/10/2023 06:07
12/30/2022 09:00,12/31/2022 08:59,73568,Kinder Morgan LNG Receipt,0,R,P,01/10/2023 06:07
12/30/2022 09:00,12/31/2022 08:59,73569,Midcontinent Express,0,R,P,01/10/2023 06:07
12/30/2022 09:00,12/31/2022 08:59,73573,GIBRALTER ENERGY COMPANY/BLACK WARRIOR,0,R,P,01/10/2023 06:07
12/30/2022 09:00,12/31/2022 08:59,73576,"Texas Gas- Kosciusko, MS",0,R,P,01/10/2023 06:07
12/30/2022 09:00,12/31/2022 08:59,73577,"Texas Gas/Fayetville, AR.",0,R,P,01/10/2023 06:07
12/30/2022 09:00,12/31/2022 08:59,73580,"REX Clarington, Monroe Co., OH",0,R,P,01/10/2023 06:07
12/30/2022 09:00,12/31/2022 08:59,73581,"REX Lebanon (REC), Warren Co., OH",0,R,P,01/10/2023 06:07
12/30/2022 09:00,12/31/2022 08:59,73582,"Samson Lonestar - Herrera #3, Nacogdoches Co., TX",0,R,P,01/10/2023 06:07
12/30/2022 09:00,12/31/2022 08:59,73590,NRG - Cedar Bayou,0,D,P,01/10/2023 06:07
12/30/2022 09:00,12/31/2022 08:59,73600,Fortune Resources LLC/TARANTULA GATHERING,0,R,P,01/10/2023 06:07
12/30/2022 09:00,12/31/2022 08:59,73601,"Targa Louisiana Field Services, LLC-Calcasieu, LA",0,D,P,01/10/2023 06:07
12/30/2022 09:00,12/31/2022 08:59,73604,"United Texas Oil, LLC",0,R,P,01/10/2023 06:07
12/30/2022 09:00,12/31/2022 08:59,73608,TGG Pipeline - Central Delivery Point,0,R,P,01/10/2023 06:07
12/30/2022 09:00,12/31/2022 08:59,73609,"Williams - LMM Davis (Valley View Rd Interconnect)  Greene Co., PA",0,R,P,01/10/2023 06:07
12/30/2022 09:00,12/31/2022 08:59,73610,"CNX Gas Co. LLC - McQuay, Locust Hill I, Greene Co., PA",0,R,P,01/10/2023 06:07
12/30/2022 09:00,12/31/2022 08:59,73612,"Buffco Prod./Jo Allison #1-Harrison Co., TX",0,R,P,01/10/2023 06:07
12/30/2022 09:00,12/31/2022 08:59,73613,"Buffco Prod./Southern Egg Ranch-Shelby Co., TX",0,R,P,01/10/2023 06:07
12/30/2022 09:00,12/31/2022 08:59,73617,Kinder Morgan Tejas- Nueces Bay,0,D,P,01/10/2023 06:07
12/30/2022 09:00,12/31/2022 08:59,73618,Kinder Morgan Tejas- Barney Davis,0,D,P,01/10/2023 06:07
12/30/2022 09:00,12/31/2022 08:59,73620,"Williams - LMM Clark Rd.,  PA.",0,R,P,01/10/2023 06:07
12/30/2022 09:00,12/31/2022 08:59,73621,"Williams Mid-Penn Midstream- Clyde- HORSE THIEF RD., Indiana  Co.,",0,R,P,01/10/2023 06:07
12/30/2022 09:00,12/31/2022 08:59,73627,TGG Pipeline - North Delivery Point,0,R,P,01/10/2023 06:07
12/30/2022 09:00,12/31/2022 08:59,73628,"Acadian/False River - Baton Rouge, LA",0,D,P,01/10/2023 06:07
12/30/2022 09:00,12/31/2022 08:59,73633,Sawtooth Oil and Gas/Biggs Gathering Receipt,0,R,P,01/10/2023 06:07
12/30/2022 09:00,12/31/2022 08:59,73639,Southwestern Energy/Jebel Gathering,0,R,P,01/10/2023 06:07
12/30/2022 09:00,12/31/2022 08:59,73640,XTO Energy/Barfield Ward Gathering,0,R,P,01/10/2023 06:07
12/30/2022 09:00,12/31/2022 08:59,73641,"Noble Energy-Harris Yates-Shelby Co., TX",0,R,P,01/10/2023 06:07
12/30/2022 09:00,12/31/2022 08:59,73642,ENI MC 365 Buy Back Meter,0,D,P,01/10/2023 06:07
12/30/2022 09:00,12/31/2022 08:59,73649,Access Midstream/Carzenava Gathering,0,R,P,01/10/2023 06:07
12/30/2022 09:00,12/31/2022 08:59,73650,"XTO Energy - Mill Run / Stewarton Raod, Fayette, PA.",0,R,P,01/10/2023 06:07
12/30/2022 09:00,12/31/2022 08:59,73652,"Sheridan Holding Company III,LLC-Warr Gathering",0,R,P,01/10/2023 06:07
12/30/2022 09:00,12/31/2022 08:59,73653,TEPPCO/Beaumont Vapor Recovery,0,D,P,01/10/2023 06:07
12/30/2022 09:00,12/31/2022 08:59,73654,Fieldwood Energy - CA 43,0,R,P,01/10/2023 06:07
12/30/2022 09:00,12/31/2022 08:59,73656,"Williams Ohio Valley Midstream LLC.-Gosney Hill Road, Marshall CO.",0,R,P,01/10/2023 06:07
12/30/2022 09:00,12/31/2022 08:59,73659,"Anadarko-Marsh Creek Trail - Centre, PA",0,R,P,01/10/2023 06:07
12/30/2022 09:00,12/31/2022 08:59,73667,"Hot Spring Power Plant, Hot Spring Co, AR",0,D,P,01/10/2023 06:07
12/30/2022 09:00,12/31/2022 08:59,73669,"Texana Operating/Massey Ferguson Gathering, San Jacinto Co., TX",0,R,P,01/10/2023 06:07
12/30/2022 09:00,12/31/2022 08:59,73670,"Sheridan Holding Company III,LLC/King Williams, Shelby Co., TX",0,R,P,01/10/2023 06:07
12/30/2022 09:00,12/31/2022 08:59,73671,"CNX Gas Co. LLC - McQuay, Locust Hill ll, Greene Co., PA",0,R,P,01/10/2023 06:07
12/30/2022 09:00,12/31/2022 08:59,73672,"Energy Transfer/Tiger Pipeline Bienville, LA",0,R,P,01/10/2023 06:07
12/30/2022 09:00,12/31/2022 08:59,73673,"Williams/Shamrock N. Salem Rd, Fayette Co., PA.",0,R,P,01/10/2023 06:07
12/30/2022 09:00,12/31/2022 08:59,73677,"Eastern Shore Natural Gas Honeybrook - Lancaster County, PA",203,D,P,01/10/2023 06:07
12/30/2022 09:00,12/31/2022 08:59,73678,"Dominion Energy Transmission, Inc - Crooked Run, Westmoreland Co.,",0,R,P,01/10/2023 06:07
12/30/2022 09:00,12/31/2022 08:59,73679,XTO Energy. - Elsie Adams #2 - PA.,0,R,P,01/10/2023 06:07
12/30/2022 09:00,12/31/2022 08:59,73684,ETX-Enbridge/Wells Landing - Polk,0,D,P,01/10/2023 06:07
12/30/2022 09:00,12/31/2022 08:59,73686,ETX-Enbridge/Zider - Shelby,0,R,P,01/10/2023 06:07
12/30/2022 09:00,12/31/2022 08:59,73694,Sweeny Plant-Conoco Pipeline,0,D,P,01/10/2023 06:07
12/30/2022 09:00,12/31/2022 08:59,73698,"Acadian Gas-Haynesville Extension P/L, Pt.Coupee Parish, LA",0,R,P,01/10/2023 06:07
12/30/2022 09:00,12/31/2022 08:59,73699,"Dominion Energy Transmission, Inc - Appalchian Gateway, Westmorela",0,R,P,01/10/2023 06:07
12/30/2022 09:00,12/31/2022 08:59,73703,"Williams-Transco, Lower Chanceford-York Co., PA.",0,D,P,01/10/2023 06:07
12/30/2022 09:00,12/31/2022 08:59,73704,"Williams Cantaral - Rt 18, Greene Co., PA.",0,R,P,01/10/2023 06:07
12/30/2022 09:00,12/31/2022 08:59,73705,"EQT Morris II, Greene Co., PA.",0,R,P,01/10/2023 06:07
12/30/2022 09:00,12/31/2022 08:59,73706,"EQT- Braden Run, Greene Co., PA.",0,R,P,01/10/2023 06:07
12/30/2022 09:00,12/31/2022 08:59,73710,"Scorpion Oil & Gas, Lincoln Co., Ms",0,R,P,01/10/2023 06:07
12/30/2022 09:00,12/31/2022 08:59,73711,"NTE Middletown Energy Center, Butler CO, OH",0,D,P,01/10/2023 06:07
12/30/2022 09:00,12/31/2022 08:59,73712,"Energy Corporation of America-Ridge Rd., Greene Co., PA.",0,R,P,01/10/2023 06:07
12/30/2022 09:00,12/31/2022 08:59,73713,"EQT - Jefferson, Greene Co., PA.",0,R,P,01/10/2023 06:07
12/30/2022 09:00,12/31/2022 08:59,73714,DTM Appalachia Gathering  High Noon,0,R,P,01/10/2023 06:07
12/30/2022 09:00,12/31/2022 08:59,73715,"Lancaster Municipal Gas Company, Fairfield Co., OH",0,D,P,01/10/2023 06:07
12/30/2022 09:00,12/31/2022 08:59,73716,"Caiman Energy - Kingwood Road, Somerset Co., PA.",0,R,P,01/10/2023 06:07
12/30/2022 09:00,12/31/2022 08:59,73718,"Columbia-Marietta, Lancaster Co., PA",0,D,P,01/10/2023 06:07
12/30/2022 09:00,12/31/2022 08:59,73719,T2 Gas Utility LLC/Refugio Interconnect,0,R,P,01/10/2023 06:07
12/30/2022 09:00,12/31/2022 08:59,73721,"PSEG-Bayonne, Hudson Co., NJ",0,D,P,01/10/2023 06:07
12/30/2022 09:00,12/31/2022 08:59,73722,ConEd-Manhattan Delivery,0,D,P,01/10/2023 06:07
12/30/2022 09:00,12/31/2022 08:59,73723,"IMTT-Bayonne, Hudson Co, NJ",0,D,P,01/10/2023 06:07
12/30/2022 09:00,12/31/2022 08:59,73727,"Columbia Midstream Big Pine  Westmoreland Co.,  PA","5,182",R,P,01/10/2023 06:07
12/30/2022 09:00,12/31/2022 08:59,73728,"EQT Morris III, Greene Co., PA",0,R,P,01/10/2023 06:07
12/30/2022 09:00,12/31/2022 08:59,73729,"Centerpoint Energy - Granite Mountain Quarry, Pulaski Co., AR",0,D,P,01/10/2023 06:07
12/30/2022 09:00,12/31/2022 08:59,73730,TGP - Wheelersburg Interconnect,0,D,P,01/10/2023 06:07
12/30/2022 09:00,12/31/2022 08:59,73731,"Caiman Energy-Ritchie Rd/Burkett Hollow, Blair Co., PA",0,R,P,01/10/2023 06:07
12/30/2022 09:00,12/31/2022 08:59,73732,"Blue Racer Midstream-Berne, Monroe Co.,OH",0,R,P,01/10/2023 06:07
12/30/2022 09:00,12/31/2022 08:59,73733,"CNX - McQuay III - Cone Gathering, Greene Co., PA.",0,R,P,01/10/2023 06:07
12/30/2022 09:00,12/31/2022 08:59,73734,"Mark West - Majorsville, Marshall Co., WVA",0,R,P,01/10/2023 06:07
12/30/2022 09:00,12/31/2022 08:59,73735,Bonanza - Strike Force Midstream,0,R,P,01/10/2023 06:07
12/30/2022 09:00,12/31/2022 08:59,73736,"Williams OVM / Oak Grove, Clay WVA",0,R,P,01/10/2023 06:07
12/30/2022 09:00,12/31/2022 08:59,73808,"Dominion Energy Transmission, Inc - Crayne II, Rt 188 Greene Co.,",0,R,P,01/10/2023 06:07
12/30/2022 09:00,12/31/2022 08:59,73809,"Monroe Pipeline, Reeds Road, Monroe Co, OH",0,R,P,01/10/2023 06:07
12/30/2022 09:00,12/31/2022 08:59,73810,"James L Nelson Operating/Goehring Gathering-FM 584-Goliad Co., TX",0,R,P,01/10/2023 06:07
12/30/2022 09:00,12/31/2022 08:59,73811,Enterprise Products/Wallace Junction,0,D,P,01/10/2023 06:07
12/30/2022 09:00,12/31/2022 08:59,73812,"Markwest Utica Seneca  Monroe Co., OH",0,R,P,01/10/2023 06:07
12/30/2022 09:00,12/31/2022 08:59,73813,"Rice Poseidon Midstream - McNay Ridge Road - Greene Co., PA.",0,R,P,01/10/2023 06:07
12/30/2022 09:00,12/31/2022 08:59,73814,"Graymont - Pleasant Gap / Weaver Hill Road, Centre Co., PA",0,D,P,01/10/2023 06:07
12/30/2022 09:00,12/31/2022 08:59,73815,"Rice Poseidon Midstream / Rogersville - Barton Hollow Road, Centre",0,R,P,01/10/2023 06:07
12/30/2022 09:00,12/31/2022 08:59,73816,"Regency-Big Run /Twp. Road 964, Monroe Co.OH",0,R,P,01/10/2023 06:07
12/30/2022 09:00,12/31/2022 08:59,73817,KMK Oil & Gas/Benton #1,0,R,P,01/10/2023 06:07
12/30/2022 09:00,12/31/2022 08:59,73818,"Dewbre Petroleum/McGill Heirs #1-Santa Rose Ranch-Kenedy Co., TX",0,R,P,01/10/2023 06:07
12/30/2022 09:00,12/31/2022 08:59,73819,Tana Exploration Breton Sound Block 25,0,R,P,01/10/2023 06:07
12/30/2022 09:00,12/31/2022 08:59,73820,NRG Energy/Big Cajun II Power Plant-Woodmen Lane,0,D,P,01/10/2023 06:07
12/30/2022 09:00,12/31/2022 08:59,73867,"Rice Energy-Alpha/Pettit Road, Greene Co. PA",0,R,P,01/10/2023 06:07
12/30/2022 09:00,12/31/2022 08:59,73868,"Rice Energy-Ohio/Boltz Ridge Road, Monroe Co., OH",0,R,P,01/10/2023 06:07
12/30/2022 09:00,12/31/2022 08:59,73869,"Rice Energy-Denex (Tombstone) Akron Road, Greene Co., PA",0,R,P,01/10/2023 06:07
12/30/2022 09:00,12/31/2022 08:59,73870,"Dominion East Ohio-Switzerland, Monroe Co., OH",0,R,P,01/10/2023 06:07
12/30/2022 09:00,12/31/2022 08:59,73871,"DOMINION-TL 558/WV Rt. 2, MARSHALL CO., WVA",0,D,P,01/10/2023 06:07
12/30/2022 09:00,12/31/2022 08:59,73874,"Eureka Hunter/Krebs Ridge Road, Monroe Co., OH",0,R,P,01/10/2023 06:07
12/30/2022 09:00,12/31/2022 08:59,73875,"MarkWest-Beallsville/Bolon Ridge Road, Monroe Co., OH",0,R,P,01/10/2023 06:07
12/30/2022 09:00,12/31/2022 08:59,73877,"Pennington O&G/JS Kean et al #1 Shell Road-Pt Coupee Parish,LA",0,R,P,01/10/2023 06:07
12/30/2022 09:00,12/31/2022 08:59,73878,"Goliad Midstream Energy/City of Magnolia,TX-Enderli Street,Montgom",209,D,P,01/10/2023 06:07
12/30/2022 09:00,12/31/2022 08:59,73880,"First Energy Corp Of America Ridge Road North, Greene Co., PA",0,R,P,01/10/2023 06:07
12/30/2022 09:00,12/31/2022 08:59,73881,"Texas Gas - Lebanon Lateral, Warren  Co., OH",0,D,P,01/10/2023 06:07
12/30/2022 09:00,12/31/2022 08:59,73882,Sempra/Cameron -Gulf Market,625,D,P,01/10/2023 06:07
12/30/2022 09:00,12/31/2022 08:59,73883,"Centerpoint Energy/IP Orange Mill-Owens Illinois Rd-Orange Co.,TX",0,D,P,01/10/2023 06:07
12/30/2022 09:00,12/31/2022 08:59,73887,"Alegacy/CNG Industrial Campus-Bus US 290-Waller Co.,TX",0,D,P,01/10/2023 06:07
12/30/2022 09:00,12/31/2022 08:59,73892,Hilcorp Energy/St. Charles Refuge Gathering-Backgate Road-Refugio,0,R,P,01/10/2023 06:07
12/30/2022 09:00,12/31/2022 08:59,73893,"Talen - Brunner Island/Jerusalem School Rd, York Co., PA",0,D,P,01/10/2023 06:07
12/30/2022 09:00,12/31/2022 08:59,73894,DTI Taylors Ridge Road,0,D,P,01/10/2023 06:07
12/30/2022 09:00,12/31/2022 08:59,73895,"DTI-Arman Hill (Mullet) / Twp. Road 964, Monroe Co., OH",0,R,P,01/10/2023 06:07
12/30/2022 09:00,12/31/2022 08:59,73896,"Eastman Chemical/TXO-Callahan Rd., Harrison Co., TX",0,D,P,01/10/2023 06:07
12/30/2022 09:00,12/31/2022 08:59,73899,Bayonne Energy Center - NJ Route 440,0,D,P,01/10/2023 06:07
12/30/2022 09:00,12/31/2022 08:59,73900,"Town of Centreville, Wilkinson Co., MS",0,D,P,01/10/2023 06:07
12/30/2022 09:00,12/31/2022 08:59,73901,"Gas Utilities District #1 Angola Del., State Hwy 10, W.Feliciana P","1,228",D,P,01/10/2023 06:07
12/30/2022 09:00,12/31/2022 08:59,73902,Gas Utilities District #1 Spillman Delivery State Hwy 421;W.Felici,0,D,P,01/10/2023 06:07
12/30/2022 09:00,12/31/2022 08:59,73904,Southern Natural Gas Kosciusko Reversal,"5,000",D,P,01/10/2023 06:07
12/30/2022 09:00,12/31/2022 08:59,73907,"EQT- Braden Run II, Greene Co., PA.",0,R,P,01/10/2023 06:07
12/30/2022 09:00,12/31/2022 08:59,73910,Phillips 66 Bayway,0,D,P,01/10/2023 06:07
12/30/2022 09:00,12/31/2022 08:59,73911,"CPV-Fairview, Jackson Township, PA","27,269",D,P,01/10/2023 06:07
12/30/2022 09:00,12/31/2022 08:59,73912,"BIG Pipeline-TETCO Delivery, Brazoria Co., TX",0,D,P,01/10/2023 06:07
12/30/2022 09:00,12/31/2022 08:59,73914,"DTM Rockland, Forgedale Rd, Berks Co, PA",0,D,P,01/10/2023 06:07
12/30/2022 09:00,12/31/2022 08:59,73915,"Rice Energy - Bambino, Greene Co., PA",0,R,P,01/10/2023 06:07
12/30/2022 09:00,12/31/2022 08:59,73918,"Columbia Gas Johnson Road, York Co., PA",0,D,P,01/10/2023 06:07
12/30/2022 09:00,12/31/2022 08:59,73919,"EQT Redband, Strope Rd, Greene Co., PA",0,R,P,01/10/2023 06:07
12/30/2022 09:00,12/31/2022 08:59,73920,Transco Williams-Cajun Rd (St.James) Pointe Coupee LA,0,D,P,01/10/2023 06:07
12/30/2022 09:00,12/31/2022 08:59,73921,Midcoast Vidor Interconnect Mansfield Ferry Road Orange Co TX,0,R,P,01/10/2023 06:07
12/30/2022 09:00,12/31/2022 08:59,73923,Entergy Services/Hinds 2 Delivery-Beasley Rd,0,D,P,01/10/2023 06:07
12/30/2022 09:00,12/31/2022 08:59,73924,"XCL Midstream Blue Ridge, Marshall County WV",0,R,P,01/10/2023 06:07
12/30/2022 09:00,12/31/2022 08:59,73925,"CNX Rich Hill, Green Co. PA",0,R,P,01/10/2023 06:07
12/30/2022 09:00,12/31/2022 08:59,73927,"Kudo Midstream-Martinsville Gathering-CR 342-Nacogdoches Co., Tx",0,R,P,01/10/2023 06:07
12/30/2022 09:00,12/31/2022 08:59,73928,"Adelphia Gateway - Delivery -Bucks County, PA",0,D,P,01/10/2023 06:07
12/30/2022 09:00,12/31/2022 08:59,73930,"Planet Operationg/Savoy 1 Hwy 758-St.Landry Parish, LA",0,R,P,01/10/2023 06:07
12/30/2022 09:00,12/31/2022 08:59,73970,"Farmersville Interconnect,  Montgomery Co., OH",0,D,P,01/10/2023 06:07
12/30/2022 09:00,12/31/2022 08:59,73971,Transco Woodbridge Lateral (Pierson),0,D,P,01/10/2023 06:07
12/30/2022 09:00,12/31/2022 08:59,73972,Transco Mainline near Woodbridge (Greenway Sands),0,D,P,01/10/2023 06:07
12/30/2022 09:00,12/31/2022 08:59,74040,"East Ohio Gas - Clarington, OH",0,D,P,01/10/2023 06:07
12/30/2022 09:00,12/31/2022 08:59,74058,"National Grid Metro NY, Goethals Rd., Staten Island, Richmond Co.,",0,D,P,01/10/2023 06:07
12/30/2022 09:00,12/31/2022 08:59,74112,"Nat Gasoline Methanol Plant-Amaco Road-Jefferson Co., TX",0,D,P,01/10/2023 06:07
12/30/2022 09:00,12/31/2022 08:59,74128,"MR 128 UPGRADE (PUBLIC SERVICE - LINDEN, NJ) DEL","2,249",D,P,01/10/2023 06:07
12/30/2022 09:00,12/31/2022 08:59,74187,"DEFS - Guadalupe Delivery - Lavaca Co., TX",0,D,P,01/10/2023 06:07
12/30/2022 09:00,12/31/2022 08:59,74200,"Momentum Kensington / Highway 644, Columbiana Co., OH",0,R,P,01/10/2023 06:07
12/30/2022 09:00,12/31/2022 08:59,74201,"Access Midstream Clarks Mill Road-Jefferson Co., OH",0,R,P,01/10/2023 06:07
12/30/2022 09:00,12/31/2022 08:59,74202,"Access Midstream Highway 219 - Jefferson Co., OH",0,R,P,01/10/2023 06:07
12/30/2022 09:00,12/31/2022 08:59,74203,"DTI- Clarks Mill Road, Jefferson Co, OH",0,D,P,01/10/2023 06:07
12/30/2022 09:00,12/31/2022 08:59,74215,"Texas Gas Transmission LLC - Lebanon, OH",0,D,P,01/10/2023 06:07
12/30/2022 09:00,12/31/2022 08:59,74217,"Gulf South-Kosciusko, Attala Co., MS (Bi-Dir Rec 70217)",0,D,P,01/10/2023 06:07
12/30/2022 09:00,12/31/2022 08:59,74218,"Gulf South Pipeline - Snake Creek Road - Hinds Co., MS",0,D,P,01/10/2023 06:07
12/30/2022 09:00,12/31/2022 08:59,74219,Acadian Gas Pipeline System,0,R,P,01/10/2023 06:07
12/30/2022 09:00,12/31/2022 08:59,74509,AGT Receipt for PSEG Del.,0,R,P,01/10/2023 06:07
12/30/2022 09:00,12/31/2022 08:59,74526,Permian Highway Pipeline/Sheridan Interconnect - CR 255-Colorado C,0,R,P,01/10/2023 06:07
12/30/2022 09:00,12/31/2022 08:59,74528,DTM Leap Cameron Extension Al Cormier Road Beauregard Parish LA,0,R,P,01/10/2023 06:07
12/30/2022 09:00,12/31/2022 08:59,74529,"TransCameron Extension Oak Grove-Cameron Parish, LA",0,D,P,01/10/2023 06:07
12/30/2022 09:00,12/31/2022 08:59,74568,Kinder Morgan LNG Del (73568 Receipt),"50,000",D,P,01/10/2023 06:07
12/30/2022 09:00,12/31/2022 08:59,74902,"CMS - Gas City - Grant Co., IN",0,R,P,01/10/2023 06:07
12/30/2022 09:00,12/31/2022 08:59,74903,"PEPL-Gas City Delivery/Route 26, Grant co., IN",0,D,P,01/10/2023 06:07
12/30/2022 09:00,12/31/2022 08:59,76025,"Atmos Energy, TN (B/D 73025)",0,R,P,01/10/2023 06:07
12/30/2022 09:00,12/31/2022 08:59,76087,"Algonquin - Lambertville, NJ (Receipt)",0,R,P,01/10/2023 06:07
12/30/2022 09:00,12/31/2022 08:59,76580,"Southcross Mississippi Pipeline, LP- Hinds, MS - DEL (B/D 76580)",0,R,P,01/10/2023 06:07
12/30/2022 09:00,12/31/2022 08:59,76609,"Williams Energy LLC - Lafourche Psh., LA-REC",0,R,P,01/10/2023 06:07
12/30/2022 09:00,12/31/2022 08:59,76671,"PEOPLES NAT - Rager Mountain, PA (Rec.)",0,R,P,01/10/2023 06:07
12/30/2022 09:00,12/31/2022 08:59,76840,AGT to TE Hanover,0,R,P,01/10/2023 06:07
12/30/2022 09:00,12/31/2022 08:59,76890,"Louisiana Intrastate Gas - Iberville Psh.,LA - REC",0,R,P,01/10/2023 06:07
12/30/2022 09:00,12/31/2022 08:59,76903,"ANR, DEL- Glen Karn, OH",0,D,P,01/10/2023 06:07
12/30/2022 09:00,12/31/2022 08:59,76910,"Dominion Energy Transmission, Inc - LEBANON, WARREN CO, OH",0,R,P,01/10/2023 06:07
12/30/2022 09:00,12/31/2022 08:59,78200,AGT MAINLINE (NJ-NY),0,R,A,01/10/2023 06:07
12/30/2022 09:00,12/31/2022 08:59,78201,MAHWAH,0,R,A,01/10/2023 06:07
12/30/2022 09:00,12/31/2022 08:59,78214,RAMAPO,0,R,A,01/10/2023 06:07
12/30/2022 09:00,12/31/2022 08:59,79041,"T & F EXPLORATION, LP. ACCT. POINT - REC FOR 72533",0,R,A,01/10/2023 06:07
12/30/2022 09:00,12/31/2022 08:59,79044,"SLIGO GAS PLANT, LA - ACCOUNTING POINT",0,D,A,01/10/2023 06:07
12/30/2022 09:00,12/31/2022 08:59,79052,WILCOX PTR AUCTION POINT,0,R,A,01/10/2023 06:07
12/30/2022 09:00,12/31/2022 08:59,79053,VENICE PTR AUCTION POINT,0,R,A,01/10/2023 06:07
12/30/2022 09:00,12/31/2022 08:59,79054,STX TRANSFER POINT (PTR),0,D,A,01/10/2023 06:07
12/30/2022 09:00,12/31/2022 08:59,79055,ELA TRANSFER POINT (PTR),0,D,A,01/10/2023 06:07
12/30/2022 09:00,12/31/2022 08:59,79070,ANR FAMERSVILLE LATERAL INTERCONNECT,0,R,A,01/10/2023 06:07
12/30/2022 09:00,12/31/2022 08:59,79073,"SHELL OFFSHORE, WD 143, -LAO",0,D,A,01/10/2023 06:07
12/30/2022 09:00,12/31/2022 08:59,79154,DOWNSTREAM LINDEN BALANCING POINT,0,D,A,01/10/2023 06:07
12/30/2022 09:00,12/31/2022 08:59,79167,BAL ONLY - BIG,0,R,A,01/10/2023 06:07
12/30/2022 09:00,12/31/2022 08:59,79263,DENA VERMILLION PLANT DELIVERY POINT,0,D,A,01/10/2023 06:07
12/30/2022 09:00,12/31/2022 08:59,79501,STX SERVICE POINT,"50,032",R,A,01/10/2023 06:07
12/30/2022 09:00,12/31/2022 08:59,79502,ETX SERVICE POINT,"5,038",R,A,01/10/2023 06:07
12/30/2022 09:00,12/31/2022 08:59,79503,WLA SERVICE POINT,"192,742",R,A,01/10/2023 06:07
12/30/2022 09:00,12/31/2022 08:59,79504,ELA SERVICE POINT,"61,083",R,A,01/10/2023 06:07
12/30/2022 09:00,12/31/2022 08:59,79505,"ZONE M1 24"" SERVICE POINT","10,047",R,A,01/10/2023 06:07
12/30/2022 09:00,12/31/2022 08:59,79506,"ZONE M1 30"" SERVICE POINT","7,370",R,A,01/10/2023 06:07
12/30/2022 09:00,12/31/2022 08:59,79507,"ZONE M2 24"" SERVICE POINT",0,D,A,01/10/2023 06:07
12/30/2022 09:00,12/31/2022 08:59,79508,"ZONE M2 30"" SERVICE POINT","570,218",R,A,01/10/2023 06:07
12/30/2022 09:00,12/31/2022 08:59,79509,ZONE M3  SERVICE POINT,"6,038",R,A,01/10/2023 06:07
12/30/2022 09:00,12/31/2022 08:59,79511,ZONE M1 STORAGE POINT,"8,002",R,A,01/10/2023 06:07
12/30/2022 09:00,12/31/2022 08:59,79512,ZONE M2 STORAGE POINT,0,D,A,01/10/2023 06:07
12/30/2022 09:00,12/31/2022 08:59,79513,ZONE M3 STORAGE POINT,"3,993",R,A,01/10/2023 06:07
12/30/2022 09:00,12/31/2022 08:59,79514,TETCO SYSTEM BALANCE POINT,0,D,A,01/10/2023 06:07
12/30/2022 09:00,12/31/2022 08:59,79515,SS-1 STORAGE SERVICE,"-39,495",D,A,01/10/2023 06:07
12/30/2022 09:00,12/31/2022 08:59,79516,LEBANON DISCHARGE PATH POINT,0,R,A,01/10/2023 06:07
12/30/2022 09:00,12/31/2022 08:59,79517,KOSCIUSKO DISCHARGE PATH POINT,0,R,A,01/10/2023 06:07
12/30/2022 09:00,12/31/2022 08:59,79518,GSS STORAGE SERVICE POINT-CNG/GSS,0,D,A,01/10/2023 06:07
12/30/2022 09:00,12/31/2022 08:59,79524,"M1 30"" CUSTODY TRANSFER POINT NORTH OF KOSCIUSKO",0,D,A,01/10/2023 06:07
12/30/2022 09:00,12/31/2022 08:59,79540,STX/ETX ZONE BOUNDARY POINT,0,D,A,01/10/2023 06:07
12/30/2022 09:00,12/31/2022 08:59,79541,STX/WLA ZONE BOUNDARY POINT,0,B,A,01/10/2023 06:07
12/30/2022 09:00,12/31/2022 08:59,79542,WLA/ELA ZONE BOUNDARY POINT,0,B,A,01/10/2023 06:07
12/30/2022 09:00,12/31/2022 08:59,79543,ELA/M1 ZONE BOUNDARY POINT,0,D,A,01/10/2023 06:07
12/30/2022 09:00,12/31/2022 08:59,79544,ETX/M1 ZONE BOUNDARY POINT,"-1,000",D,A,01/10/2023 06:07
12/30/2022 09:00,12/31/2022 08:59,79545,"M1/M2 30"" ZONE BOUNDARY POINT",0,B,A,01/10/2023 06:07
12/30/2022 09:00,12/31/2022 08:59,79546,"M1/M2 24"" ZONE BOUNDARY POINT",0,B,A,01/10/2023 06:07
12/30/2022 09:00,12/31/2022 08:59,79547,M2/M3 ZONE BOUNDARY POINT,"-81,458",D,A,01/10/2023 06:07
12/30/2022 09:00,12/31/2022 08:59,79555,ISS-1 STORAGE SERVICE,0,D,A,01/10/2023 06:07
12/30/2022 09:00,12/31/2022 08:59,79560,SS/X-28 STORAGE POINT,0,D,A,01/10/2023 06:07
12/30/2022 09:00,12/31/2022 08:59,79561,SS/X-28 STORAGE POINT (MAINLINE),0,D,A,01/10/2023 06:07
12/30/2022 09:00,12/31/2022 08:59,79565,SS/X-28 STORAGE SERVICE POINT,0,D,A,01/10/2023 06:07
12/30/2022 09:00,12/31/2022 08:59,79591,STX DOWNSTREAM POINT,0,R,A,01/10/2023 06:07
12/30/2022 09:00,12/31/2022 08:59,79592,ETX DOWNSTREAM POINT,0,D,A,01/10/2023 06:07
12/30/2022 09:00,12/31/2022 08:59,79593,WLA DOWNSTREAM POINT,0,D,A,01/10/2023 06:07
12/30/2022 09:00,12/31/2022 08:59,79594,ELA DOWNSTREAM POINT,0,D,A,01/10/2023 06:07
12/30/2022 09:00,12/31/2022 08:59,79595,"MARKET ZONE 1 24"" DOWNSTREAM POINT",0,R,A,01/10/2023 06:07
12/30/2022 09:00,12/31/2022 08:59,79596,"MARKET ZONE 1 30"" DOWNSTREAM POINT",0,D,A,01/10/2023 06:07
12/30/2022 09:00,12/31/2022 08:59,79597,"MARKET ZONE 2 24"" DOWNSTREAM POINT",0,D,A,01/10/2023 06:07
12/30/2022 09:00,12/31/2022 08:59,79598,"MARKET ZONE 2 30"" DOWNSTREAM POINT",0,D,A,01/10/2023 06:07
12/30/2022 09:00,12/31/2022 08:59,79599,MARKET ZONE 3 DOWNSTREAM POINT,0,R,A,01/10/2023 06:07
12/30/2022 09:00,12/31/2022 08:59,79611,STX PAL POINT OF TRANSACTION,0,R,A,01/10/2023 06:07
12/30/2022 09:00,12/31/2022 08:59,79612,ETX PAL POINT OF TRANSACTION,0,R,A,01/10/2023 06:07
12/30/2022 09:00,12/31/2022 08:59,79613,WLA PAL POINT OF TRANSACTION,0,R,A,01/10/2023 06:07
12/30/2022 09:00,12/31/2022 08:59,79614,ELA  PAL POINT OF TRANSACTION,0,R,A,01/10/2023 06:07
12/30/2022 09:00,12/31/2022 08:59,79615,"ZONE M1 24"" PAL POINT OF TRANSACTION",0,R,A,01/10/2023 06:07
12/30/2022 09:00,12/31/2022 08:59,79616,"ZONE M1 30"" PAL POINT OF TRANSACTION",0,R,A,01/10/2023 06:07
12/30/2022 09:00,12/31/2022 08:59,79617,"ZONE M2 24"" PAL POINT OF TRANSACTION",0,R,A,01/10/2023 06:07
12/30/2022 09:00,12/31/2022 08:59,79618,"ZONE M2 30"" PAL POINT OF TRANSACTION",0,R,A,01/10/2023 06:07
12/30/2022 09:00,12/31/2022 08:59,79619,ZONE M3 PAL POINT OF TRANSACTION,0,R,A,01/10/2023 06:07
12/30/2022 09:00,12/31/2022 08:59,79656,"NEXUS FUEL-WILLIAMS OHIO VALLEY MIDSTREAM LLC-GOSNEY HILL RD,MARSH",0,R,A,01/10/2023 06:07
12/30/2022 09:00,12/31/2022 08:59,79661,CHAMBERSBURG CUSTODY TRANSFER POINT,0,D,A,01/10/2023 06:07
12/30/2022 09:00,12/31/2022 08:59,79662,DELMONT DISCHARGE CUSTODY TRANSFER POINT,0,D,A,01/10/2023 06:07
12/30/2022 09:00,12/31/2022 08:59,79663,"ELA/M1 (30"") ILT POINT",0,B,A,01/10/2023 06:07
12/30/2022 09:00,12/31/2022 08:59,79664,"ETX/M1 24""  ILT POINT",0,D,A,01/10/2023 06:07
12/30/2022 09:00,12/31/2022 08:59,79665,"M1/M2 30"" ILT POINT",0,R,A,01/10/2023 06:07
12/30/2022 09:00,12/31/2022 08:59,79666,"M1/M2 24"" ILT POINT",0,B,A,01/10/2023 06:07
12/30/2022 09:00,12/31/2022 08:59,79667,M2/M3 ILT POINT,-117,D,A,01/10/2023 06:07
12/30/2022 09:00,12/31/2022 08:59,79668,"EQUITABLE - CRAYNE, PA CUSTODY TRANSFER POINT",0,R,A,01/10/2023 06:07
12/30/2022 09:00,12/31/2022 08:59,79671,"STX/ETX (24"") ILT POINT",0,B,A,01/10/2023 06:07
12/30/2022 09:00,12/31/2022 08:59,79672,"WLA/ELA (30"") ILT POINT",0,B,A,01/10/2023 06:07
12/30/2022 09:00,12/31/2022 08:59,79673,"STX/WLA (30"") ILT POINT",0,B,A,01/10/2023 06:07
12/30/2022 09:00,12/31/2022 08:59,79675,ZZZ,0,R,A,01/10/2023 06:07
12/30/2022 09:00,12/31/2022 08:59,79925,"NEXUS FUEL - CNX RICH HILL, GREEN CO. PA",0,R,A,01/10/2023 06:07
12/30/2022 09:00,12/31/2022 08:59,79926,"NEXUS FUEL - CLARKS MILL ROAD-JEFFERSON CO., OH",0,R,A,01/10/2023 06:07
12/30/2022 09:00,12/31/2022 08:59,79927,"NEXUS FUEL - MCQUAY III - CONE GATHERING, GREENE CO., PA.",0,R,A,01/10/2023 06:07
12/30/2022 09:00,12/31/2022 08:59,79928,"NEXUS FUEL - BAMBINO, MCCLELLAN AVE., GREENE CO., PA",0,R,A,01/10/2023 06:07
12/30/2022 09:00,12/31/2022 08:59,79929,"NEXUS FUEL-KREBS RIDGE ROAD, MONROE CO., OH",0,R,A,01/10/2023 06:07
12/30/2022 09:00,12/31/2022 08:59,79958,"HANOVER, NJ FUEL ACCOUNTING METER",0,D,A,01/10/2023 06:07
12/30/2022 09:00,12/31/2022 08:59,79960,SUEZ/CHOCTAW,0,D,A,01/10/2023 06:07
12/30/2022 09:00,12/31/2022 08:59,79967,WLA CUSTODY TRANSFER POINT,0,D,A,01/10/2023 06:07
12/30/2022 09:00,12/31/2022 08:59,79968,ELA CUSTODY TRANSFER POINT,0,D,A,01/10/2023 06:07
12/30/2022 09:00,12/31/2022 08:59,79974,M1 30 INCH CUSTODY TRANSFER POINT,0,D,A,01/10/2023 06:07
12/30/2022 09:00,12/31/2022 08:59,79975,UNIONTOWN WEST,0,D,A,01/10/2023 06:07
12/30/2022 09:00,12/31/2022 08:59,79980,UNIONTOWN NORTH,0,D,A,01/10/2023 06:07
12/30/2022 09:00,12/31/2022 08:59,79982,"NEXUS FUEL TRACKING - MARK WEST - MAJORSVILLE, MARSHALL CO., WVA",0,R,A,01/10/2023 06:07
12/30/2022 09:00,12/31/2022 08:59,79983,"NEXUS FUEL-OHIO/BOLTZ RIDGE ROAD, MONROE CO., OH",0,R,A,01/10/2023 06:07
12/30/2022 09:00,12/31/2022 08:59,79984,NEXUS FUEL-NISOURCE MIDSTREAM SERVCS-DRY RIDGE-GREENE CO,0,R,A,01/10/2023 06:07
12/30/2022 09:00,12/31/2022 08:59,79985,"NEXUS FUEL-EQT- BRADEN RUN, GREENE CO., PA.",0,R,A,01/10/2023 06:07
12/30/2022 09:00,12/31/2022 08:59,79986,NEXUS FUEL-M-3 MIDSTREAM/HIGH NOON,0,R,A,01/10/2023 06:07
12/30/2022 09:00,12/31/2022 08:59,79987,"NEXUS FUEL-REGENCY-BIG RUN /TWP. ROAD 964, MONROE CO.OH",0,R,A,01/10/2023 06:07
12/30/2022 09:00,12/31/2022 08:59,79988,"NEXUS FUEL-REX CLARINGTON, MONROE CO., OH",0,R,A,01/10/2023 06:07
12/30/2022 09:00,12/31/2022 08:59,79989,"NEXUS FUEL-BLUE RACER MIDSTREAM-BERNE, MONROE CO.,OH",0,R,A,01/10/2023 06:07
12/30/2022 09:00,12/31/2022 08:59,79990,"NEXUS FUEL-MARKWEST UTICA EMG/TWP RD 240-BERNE, MONROE CO., OH",0,R,A,01/10/2023 06:07
12/30/2022 09:00,12/31/2022 08:59,79991,"NEXUS FUEL-NEXUS INTERCONNECT WITH TETLP, MONROE CO., OH",0,R,A,01/10/2023 06:07
12/30/2022 09:00,12/31/2022 08:59,79992,"NEXUS FUEL-NEXUS INTERCONNECT TETLP, AT HEAD OF OPEN LATERAL",0,R,A,01/10/2023 06:07
12/30/2022 09:00,12/31/2022 08:59,79993,"NEXUS INTERCONNECT WITH TETLP,OPEN LATERAL,AT HEAD OF OPEN LATERAL",0,D,A,01/10/2023 06:07
12/30/2022 09:00,12/31/2022 08:59,79994,"NEXUS INTERCONNECT WITH TETLP, OPEN LATERAL AT KENSINGTON",0,D,A,01/10/2023 06:07
12/30/2022 09:00,12/31/2022 08:59,79995,"NEXUS INTERCONNECT WITH TETLP MAINLINE, MONROE CO., OH","-7,793",D,A,01/10/2023 06:07
12/30/2022 09:00,12/31/2022 08:59,79996,NEXUS SZ ILT POINT,0,D,A,01/10/2023 06:07
12/30/2022 09:00,12/31/2022 08:59,79997,NEXUS FUEL TRACKING- DTI-ARMAN HILL,0,R,A,01/10/2023 06:07
12/30/2022 09:00,12/31/2022 08:59,79998,HEAD OF STRATTON RIDGE EXTENSION - EXTENSION,0,D,A,01/10/2023 06:07
12/30/2022 09:00,12/31/2022 08:59,79999,STRATTON RIDGE,0,D,A,01/10/2023 06:07
12/30/2022 09:00,12/31/2022 08:59,T0001,Farmersville-Derby Delivery - (73269),0,D,P,01/10/2023 06:07
12/30/2022 09:00,12/31/2022 08:59,T0002,Farmersville-Tait - (73270),0,D,P,01/10/2023 06:07

